team,shooter_id,target_id,missile_id,current_step,physics_frame,range_m,AO_rad,AO_deg,TA_rad,TA_deg,relative_distance_3d_m,horizontal_range_m,altitude_diff_m,shooter_speed_mps,target_speed_mps,closing_speed_mps,shooter_alt_m,target_alt_m,target_alive_at_launch,raw_termination_reason,termination_reason,is_success,flight_time_sec,launch_step,termination_step,step_delta,target_alive_at_termination,pn_guidance_frames,pn_nonzero_command_frames,maximum_command_g
blue,blue_0,red_0,m0,62,738,4063.597314176774,0.16711616612839153,9.575051007563957,1.5732664665033251,90.14152858010063,4063.597314176774,3980.9439378461384,-815.4192145827628,302.0673161394934,268.56089911156454,296.77573100076324,5815.842279340257,5000.423064757494,True,p_hit_fail,miss,False,6.3166666666666496,62,93,31,True,378,378,24.18021307540442
blue,blue_0,red_0,m0,77,914,2619.590281858091,0.3510307373170017,20.112579727629647,1.5740504156082435,90.18644555516552,2619.590281858091,2435.993321410909,-963.4260650650895,300.37418788720856,257.9797247072684,259.0920795491664,5557.163800163469,4593.73773509838,True,hit,hit,True,4.116666666666657,77,97,20,False,246,246,30.000000000000007
blue,blue_2,red_1,m1,85,1010,2889.425852171502,0.10985683049479696,6.294332738035945,2.2142840107140778,126.86912845721741,2889.425852171502,2864.118254869671,-381.5866576799035,301.4928720407734,255.96048725251828,153.30965089004675,5631.181741426332,5249.595083746429,True,hit,hit,True,4.883333333333321,85,109,24,False,292,292,15.006822650518126
blue,blue_0,red_0,m1,94,1117,3383.085405729094,0.3827410822508588,21.92944865924371,2.8145828137024997,161.26371631520928,3383.085405729094,3213.392952182162,-1058.004062999381,300.212812288888,308.40293330304615,-14.826586478578193,5323.780276820896,4265.776213821515,True,hit,hit,True,6.683333333333315,94,127,33,False,400,400,29.409751525724502
blue,blue_1,red_2,m2,128,1532,2937.9735577676533,0.3056751461225989,17.513895774869646,2.553135393242883,146.28388255829094,2937.9735577676533,2928.6040507800826,-234.45029301840168,296.44225677839347,239.0903373316259,72.80614726203697,4763.193134141218,4528.742841122817,True,hit,hit,True,5.13333333333332,128,154,26,False,307,307,29.013972726196567
blue,blue_0,red_2,m2,110,1317,5557.977465747317,0.509284868369137,29.179873527427226,2.8059760759059724,160.77058656409255,5557.977465747317,5557.915554667934,26.233507870664653,297.24174827485797,234.15457943702356,23.80148451456152,4862.404165397464,4888.637673268128,True,hit,hit,True,9.600000000000056,110,158,48,False,575,575,20.343281567039945
blue,blue_2,red_1,m3,135,1611,3096.1587638837686,0.3298001934678484,18.896159168305733,2.487172784373035,142.50450346437646,3096.1587638837686,3094.4352741661137,103.2929095860627,280.1399368820433,221.81678581690335,94.90365128931796,5151.287065343694,5254.579974929757,True,hit,hit,True,5.099999999999987,135,160,25,False,305,305,18.929455981930182
blue,blue_0,red_0,m0,51,609,4753.5909789840825,0.09551023425109957,5.472333322893844,1.574938082535315,90.23730512370005,4753.5909789840825,4728.956405903973,-483.32029394453,301.619201346878,266.8219609892249,322.4150176728253,5953.070034917934,5469.749740973404,True,hit,hit,True,7.04999999999998,51,86,35,False,422,422,29.999999999999996
blue,blue_2,red_1,m1,60,716,3959.750430386745,0.09509605046440166,5.4486023399733075,1.5708822843428258,90.00492500471364,3959.750430386745,3934.990219377389,-442.1260502982159,302.16068415059016,255.39272705291046,345.7661007862021,5854.9336394756265,5412.807589177411,True,hit,hit,True,5.816666666666651,60,89,29,False,348,348,12.229268314442624
blue,blue_0,red_0,m0,71,848,2684.4998031562004,0.32196264938134134,18.447100970401163,1.5708605872493226,90.00368185282821,2684.4998031562004,2598.765588735891,-673.0205107928568,301.45642565287756,280.3262836288868,287.8182176569061,5773.929186244589,5100.908675451732,True,hit,hit,True,4.183333333333324,71,92,21,False,250,250,30.000000000000007
blue,blue_0,red_1,m1,93,1113,4048.4522657862803,0.6635750578302434,38.02005020382248,2.477621091271617,141.957231762461,4048.4522657862803,4038.758871481496,-279.9866539311788,299.426721671151,240.23907042509882,40.833196333367226,5374.210413309687,5094.2237593785085,True,hit,hit,True,7.19999999999998,93,129,36,False,431,431,30.000000000000004
blue,blue_0,red_2,m2,90,1079,5083.040403430479,0.6387533075563621,36.59786867300138,2.567012663763384,147.07899159027698,5083.040403430479,5007.886879521137,-870.843697127525,299.65689658660693,274.78102263302844,-0.5914636701954255,5512.386529214295,4641.5428320867695,True,hit,hit,True,9.716666666666729,90,139,49,False,582,582,29.645848475066042
blue,blue_1,red_2,m2,130,1559,3990.812753528437,0.24954245106113415,14.297729255152879,3.085659089835766,176.79524286376832,3990.812753528437,3868.9691453974824,-978.6031809101678,302.21145714711486,259.8106521362479,32.328415476409425,5069.334763020599,4090.731582110431,True,hit,hit,True,7.033333333333314,130,165,35,False,421,421,11.983601622024318
blue,blue_0,red_0,m0,47,562,5236.689747847862,0.10246761234922791,5.870961724393354,1.5809224816214975,90.58018593426026,5236.689747847862,5224.403577287665,-358.5063135270402,301.90408055985586,271.28422314600533,310.99219565254845,5965.381920621355,5606.875607094315,True,hit,hit,True,8.65000000000001,47,90,43,False,518,518,22.668776485091932
blue,blue_0,red_2,m1,63,746,4196.200181588301,0.43543943947884733,24.94884211568019,1.574104492595204,90.18954393828713,4196.200181588301,4113.722891903791,-827.8767617154163,303.22626411148605,253.52256273407806,282.1142770518519,5831.3538873085745,5003.477125593158,True,hit,hit,True,6.416666666666649,63,95,32,False,384,384,29.65394786153675
blue,blue_2,red_1,m2,84,1000,2821.9945619645027,0.6199860457694093,35.52258377959184,1.754854714900068,100.54576882240724,2821.9945619645027,2421.6756657966284,-1448.8410117903486,299.7232213561498,265.0141751043368,142.2802722044297,5621.478878565448,4172.6378667751,True,hit,hit,True,5.3833333333333195,84,111,27,False,322,322,30.000000000000007
blue,blue_0,red_0,m0,74,878,2590.0665868688448,0.33591412304670876,19.24646152941463,1.590064970640464,91.10401196929173,2590.0665868688448,2488.451798443202,-718.3679915191242,302.15949918392636,277.52557950885057,256.16207443510746,5800.334019558142,5081.966028039018,True,hit,hit,True,4.216666666666657,74,95,21,False,252,252,30.000000000000007
blue,blue_2,red_2,m1,87,1040,3773.633529523737,0.2371825274028483,13.5895577944292,2.348807025781989,134.5767294679835,3773.633529523737,3661.6315009379236,-912.5594591503977,301.6552947103857,234.95950877487,113.88317861881087,5526.931608031966,4614.372148881568,True,hit,hit,True,6.499999999999982,87,120,33,False,389,389,21.53619680277465
blue,blue_2,red_1,m2,94,1128,3616.3977758435817,0.12543639013612215,7.186975752156229,2.3433321082666025,134.2630398011696,3616.3977758435817,3587.0038375789463,-460.1481743094482,301.0429243954248,253.02647709076578,120.87101581221711,5412.391885085793,4952.243710776344,True,hit,hit,True,6.21666666666665,94,125,31,False,372,372,14.876239548143914
blue,blue_2,red_2,m2,61,728,3812.543248359139,0.12790939950484462,7.328668751680339,1.573883553805171,90.17688507808751,3812.543248359139,3767.446956514877,-584.6618257211985,302.01170167925136,257.77388829814765,320.058256433338,5882.820920463691,5298.159094742493,True,hit,hit,True,5.749999999999985,61,90,29,False,344,344,25.692367331319538
blue,blue_0,red_0,m0,51,605,5019.477064540375,0.06732273120679744,3.8573083634431726,1.5732922058125691,90.14300333388789,5019.477064540375,4982.849814570258,-605.2749184329441,301.9844509921052,261.3801607510642,325.90798122959166,5922.224424417678,5316.949505984734,True,hit,hit,True,7.966666666666644,51,91,40,False,477,477,17.26772928834613
blue,blue_1,red_1,m1,60,712,4234.680519369379,0.10193004697117633,5.840161497018643,1.573250569196592,90.1406177315192,4234.680519369379,4187.093140215342,-633.0640854511794,301.7253992563948,249.66041829820057,298.03839149873386,5928.098918237558,5295.0348327863785,True,hit,hit,True,6.366666666666649,60,92,32,False,381,381,24.50910738049193
blue,blue_0,red_0,m0,63,755,3841.1252793659432,0.2185545536376913,12.522253516805286,1.573535851069984,90.15696317883615,3841.1252793659432,3834.5242552435147,-225.09364214314337,301.5065599487938,249.1453422106542,321.3020301375835,5872.013089174497,5646.919447031353,True,p_hit_fail,miss,False,5.483333333333319,63,91,28,True,328,328,26.352970049620506
blue,blue_1,red_1,m1,74,878,2861.093848566837,0.34717703012983453,19.891778570325737,1.5714520634406988,90.03757094227653,2861.093848566837,2792.62869707512,-622.159923636611,301.1191746117116,263.11019888592887,272.24484709712544,5741.335717718268,5119.175794081657,True,hit,hit,True,4.24999999999999,74,95,21,False,254,254,30.000000000000007
blue,blue_0,red_0,m2,91,1084,2961.1359198716573,0.44412391222240993,25.446425751182726,2.5602290641731313,146.69031996384882,2961.1359198716573,2944.0437812312653,-317.6982060819373,298.79625522665697,283.43777559655246,29.892025938497838,5591.406881767629,5273.708675685692,True,hit,hit,True,5.566666666666652,91,119,28,False,333,333,30.000000000000007
blue,blue_0,red_0,m0,66,791,3116.746216088235,0.16275633364773293,9.325251007038167,1.574519052601401,90.21329647699714,3116.746216088235,3088.0732241174196,-421.7946633012061,301.7567882644969,251.18778047187052,326.3487063563608,5856.733175142499,5434.938511841293,True,hit,hit,True,4.516666666666656,66,89,23,False,270,270,28.889102591489472
blue,blue_1,red_2,m3,120,1432,4374.769646772834,0.47873130800105174,27.429283469237763,3.003088514153112,172.06429736518672,4374.769646772834,4374.454884919688,52.47782509961144,296.8135886179686,254.58074184580715,18.802577001480138,5019.122811872512,5071.6006369721235,True,hit,hit,True,7.883333333333311,120,159,39,False,472,472,20.544224177593666
blue,blue_0,red_1,m1,90,1076,4195.688833812755,0.5982769680571092,34.27874524955552,2.6738300723818376,153.1991782826387,4195.688833812755,4181.4401513785915,-345.4895810585476,299.2754083933292,246.84070337313858,23.777496908369535,5534.35698613639,5188.867405077843,True,hit,hit,True,7.533333333333312,90,128,38,False,451,451,30.000000000000007
blue,blue_1,red_2,m2,129,1542,4093.5349420055463,0.1289568651411997,7.38868411182847,3.0638363619251843,175.54489265702966,4093.5349420055463,4033.794120943493,-696.8022038297995,297.6699999146749,250.77915057379727,50.02539401240678,5007.349404115996,4310.547200286196,True,hit,hit,True,7.449999999999979,129,166,37,False,446,446,6.546664729607951
blue,blue_0,red_0,m0,67,795,3039.9961296644697,0.15723329387592588,9.008804138030726,1.5740765105710022,90.18794068639814,3039.9961296644697,3029.105029085615,-257.0976295946566,301.6948306757378,260.55419282100627,337.20768562774464,5972.19800830214,5715.100378707483,True,p_hit_fail,miss,False,4.266666666666657,67,88,21,True,255,255,30.000000000000004
blue,blue_0,red_0,m1,88,1051,2333.1079161376533,0.38928885378524136,22.304608333379733,2.5003455491241096,143.25924728913174,2333.1079161376533,2300.3827838190828,-389.39901932715657,299.77689827940134,280.35355010628024,40.56911789368136,5719.239139231919,5329.840119904762,True,hit,hit,True,4.34999999999999,88,110,22,False,260,260,30.000000000000004
blue,blue_1,red_1,m2,111,1326,2819.7086651567656,0.48646358205055773,27.872310138312987,2.8158575408379076,161.33675280009896,2819.7086651567656,2816.406631031511,136.42083800462206,291.3063738413296,248.47292696900263,36.869061032161525,5494.765003600924,5631.185841605546,True,hit,hit,True,4.866666666666655,111,135,24,False,291,291,30.000000000000007
blue,blue_2,red_1,m1,81,970,2066.673164752529,0.11627506752019122,6.662070631505636,1.653020199642346,94.71108088937918,2066.673164752529,2044.9913540727543,-298.5771787593894,301.0733322014463,250.14286121611383,295.42384361999393,5774.562096108853,5475.984917349464,True,hit,hit,True,2.6999999999999953,81,95,14,False,161,161,30.000000000000004
blue,blue_0,red_0,m0,80,959,2108.9717313759334,0.4781328857955086,27.39499640249323,1.5766862390680796,90.33746711495569,2108.9717313759334,1965.886382169582,-763.578742595022,301.8877621642503,247.95023050553854,240.0471900398538,5612.1636928068965,4848.5849502118745,True,overshoot,miss,False,4.783333333333322,80,104,24,True,287,287,30.000000000000007
blue,blue_1,red_2,m3,136,1632,3515.1669068879614,0.3639123237496194,20.850640263651623,3.087776398319437,176.9165557038099,3515.1669068879614,2910.6820011370673,-1970.8700290828401,296.8705076869715,270.9292845247865,0.974083006601667,5104.771801440222,3133.9017723573816,True,hit,hit,True,6.799999999999981,136,170,34,False,407,407,29.464276084754207
blue,blue_1,red_2,m2,96,1146,3110.0380324924517,0.7839932834185939,44.91950630648921,2.711163757236241,155.33824085846751,3110.0380324924517,3091.9074371659576,-335.3281430887673,297.904923922831,251.77111598518448,-14.645312615983165,5542.84272974446,5207.514586655692,True,hit,hit,True,5.983333333333317,96,126,30,False,358,358,30.000000000000007
blue,blue_0,red_0,m3,106,1262,1985.9643080909195,0.7538196611314675,43.190685096814995,3.0945434429052874,177.304278798356,1985.9643080909195,1736.4679047480695,-963.7081761565032,297.9384134757712,292.1238696026221,-102.28996611529828,5073.436115842145,4109.727939685642,True,hit,hit,True,4.4499999999999895,106,128,22,False,266,266,30.000000000000007
blue,blue_0,red_0,m0,60,718,3787.130707566085,0.06136233155870229,3.5158026193960596,1.5741560240602341,90.19249647374549,3787.130707566085,3777.9456901412823,263.60075594145474,299.3208513153942,247.88680208510576,341.6724152980015,6097.532607432073,6361.133363373528,True,hit,hit,True,5.466666666666653,60,88,28,False,327,327,28.939996243532345
blue,blue_2,red_0,m1,82,980,2879.962062884394,0.35192236630786516,20.163666305697635,1.7596269396488378,100.81919715939962,2879.962062884394,2879.7983061049354,30.711558222907115,300.317633974241,248.98718715413153,227.55741459313447,5725.839069916513,5756.55062813942,True,p_hit_fail,miss,False,4.149999999999991,82,103,21,True,248,248,30.000000000000007
blue,blue_0,red_1,m0,81,962,2340.367605235587,0.4662565275184543,26.71453119723276,1.5767638404585762,90.3419133471155,2340.367605235587,2051.882167692972,-1125.6554079911602,303.0499824932992,273.2995790360098,226.7393952809316,5594.274722033901,4468.61931404274,True,overshoot,miss,False,5.049999999999987,81,106,25,True,303,303,30.000000000000007
blue,blue_1,red_1,m1,76,910,2710.0351273422752,0.3655526882526594,20.94462622653889,1.7877823808334075,102.43238510960428,2710.0351273422752,2672.017390495845,-452.3421894062458,300.5733895030943,247.80340837588975,227.05913230994,5791.495379548177,5339.153190141931,True,hit,hit,True,4.233333333333324,76,97,21,False,253,253,30.000000000000007
blue,blue_0,red_0,m2,103,1229,3547.705401684774,0.5504739664026612,31.539835006698762,2.8863219522801367,165.37406618161202,3547.705401684774,3505.5263836014956,545.4341307776276,299.21240539898963,283.50953655426974,-2.271559711939158,5101.120549832944,5646.554680610571,True,hit,hit,True,6.733333333333315,103,136,33,False,403,403,30.000000000000004
blue,blue_2,red_2,m2,99,1178,2445.225072540524,0.7342334325083993,42.06847686013486,2.4048534444213807,137.787952712844,2445.225072540524,2386.5766794393307,-532.3320472573005,302.2652479978594,259.9861351252686,37.71724278584914,5522.327652619057,4989.995605361756,True,hit,hit,True,4.966666666666654,99,123,24,False,297,297,30.000000000000007
blue,blue_2,red_2,m3,138,1647,2433.248424518918,0.6346381849481327,36.362089515370975,2.811696104377866,161.09832005422672,2433.248424518918,2376.151327688568,-524.0255369232045,295.7533625155464,237.81966113859968,1.4426956143752605,4812.8455601129135,4288.820023189709,True,hit,hit,True,4.39999999999999,138,160,22,False,263,263,30.000000000000004
blue,blue_2,red_1,m1,88,1054,1206.4078759297267,0.2434729488745345,13.949972396115294,1.5804465294541625,90.55291588382187,1206.4078759297267,1153.3778729648088,-353.7505410037529,298.5641792928527,243.62881498106995,302.1475281712446,5649.957158659373,5296.20661765562,True,overshoot,miss,False,2.28333333333333,88,100,12,True,137,137,30.000000000000007
blue,blue_0,red_0,m0,79,937,2245.9649321813868,0.41324168018683055,23.67700419360032,1.5709062594986793,90.00629867995721,2245.9649321813868,2244.737305744719,74.2489379485105,301.2272587781376,236.9053787181073,274.94970970390335,5749.239431408875,5823.488369357386,True,overshoot,miss,False,4.266666666666657,79,100,21,True,256,256,30.000000000000007
blue,blue_0,red_0,m0,63,749,3825.053761988907,0.2350399438190742,13.466796797824932,1.5726979353698214,90.10895414562908,3825.053761988907,3763.4664360640722,683.6348928519383,301.9632496167041,235.65478552716215,297.19759975389377,6016.247469255386,6699.882362107324,True,hit,hit,True,5.516666666666652,63,90,27,False,330,330,30.000000000000007
blue,blue_1,red_1,m2,79,944,2747.8605237844654,0.3228456844084863,18.497695150618792,1.7350336901932817,99.41010776108385,2747.8605237844654,2701.4833487602423,502.71778817163886,300.3810064618077,232.33751997941525,240.50028833257588,5891.946113607664,6394.663901779303,True,hit,hit,True,4.116666666666657,79,100,21,False,246,246,30.000000000000004
blue,blue_2,red_2,m1,78,936,2132.8534380277947,0.464299513324167,26.602402543452904,1.5757510806946433,90.28388648698147,2132.8534380277947,2115.5934177300414,-270.791947746432,301.90931454908906,266.8398379085424,292.0184364335282,5751.606810680183,5480.814862933751,True,overshoot,miss,False,4.799999999999988,78,102,24,True,288,288,30.000000000000007
blue,blue_2,red_2,m2,166,1987,3186.218196507944,0.7403887433412925,42.42115019245079,2.4360419004709555,139.5749196140139,3186.218196507944,3095.297260271505,-755.7256554557689,303.9835910595625,262.1887783480414,11.611931494416062,4426.982300883195,3671.2566454274265,True,overshoot,miss,False,5.799999999999985,166,195,29,True,348,348,30.000000000000007
blue,blue_0,red_0,m3,168,2014,3092.3059179458755,0.7127068007656364,40.835091714142195,2.2529488877538926,129.0844627269911,3092.3059179458755,3060.1776284793323,-444.5995640097899,286.7645178898196,285.0562854196364,22.161172342646132,5104.639810006839,4660.040245997049,True,hit,hit,True,5.599999999999985,168,196,28,False,335,335,30.000000000000004
blue,blue_1,red_1,m4,177,2120,2872.169812090716,0.7620833835767903,43.66416151599952,2.2656998233086094,129.81503751911967,2872.169812090716,2824.049280365633,-523.5504670531454,295.6375614946254,249.5767648883437,41.50189582864453,4363.556225738264,3840.005758685119,True,overshoot,miss,False,5.916666666666651,177,207,30,True,355,355,30.000000000000007
blue,blue_1,red_2,m3,103,1235,2923.093057634588,0.7593966052215358,43.51022045575634,2.8947689768783524,165.85804504053297,2923.093057634588,2813.035329231302,-794.5472044429243,299.01255052774815,271.7488587573233,-82.81733693751588,5809.230413750578,5014.683209307654,True,hit,hit,True,6.033333333333317,103,133,30,False,361,361,30.000000000000007
blue,blue_1,red_1,m5,207,2475,2764.298867781508,0.4696516235941063,26.909055873409045,2.828006877324928,162.03285850468953,2764.298867781508,2723.4980666831357,-473.18760676009697,291.61245104122696,275.65675034889284,-4.769858678400701,3814.767760691743,3341.5801539316462,True,hit,hit,True,5.3833333333333195,207,234,27,False,322,322,30.000000000000007
blue,blue_2,red_1,m1,88,1049,2045.2293730098263,0.20612668390743683,11.810189032923315,1.6256708777245379,93.14408017094414,2045.2293730098263,1992.9768058088664,459.35459040925616,291.145202577705,229.43739974567137,262.7672106151309,6000.408492760785,6459.763083170041,True,hit,hit,True,2.8166666666666615,88,102,14,False,168,168,30.000000000000007
blue,blue_0,red_0,m0,82,973,2002.389281520623,0.4736327942813331,27.13716015130834,1.5760079726171554,90.29860530993243,2002.389281520623,1987.6790969263973,242.26977192901813,300.79407166846124,232.1600919806669,264.8092471619116,5853.51463380865,6095.784405737668,True,overshoot,miss,False,4.133333333333324,82,102,20,True,248,248,30.000000000000007
red,red_0,blue_2,m2,97,1164,287.3070684320013,0.6361516505105907,36.44880470453821,1.5783442666258374,90.4324650963316,287.3070684320013,271.2394250311128,-94.73397426362953,229.70450827030186,292.6436564173439,226.5370273874826,6210.244656919112,6115.510682655482,True,overshoot,miss,False,1.0000000000000013,97,102,5,True,60,60,30.000000000000004
blue,blue_2,red_1,m0,88,1053,1592.9146635920624,0.091005887829153,5.214253283451453,1.5720908037751204,90.07416806764367,1592.9146635920624,1592.673305720296,-27.72844627090035,296.1150680920012,241.9424377298543,302.3985103580636,5793.950330799455,5766.221884528554,True,hit,hit,True,2.033333333333331,88,98,10,False,121,121,30.000000000000007
blue,blue_0,red_0,m1,89,1058,1768.7850853436687,0.6810901218635823,39.02358945083418,1.5727112948122262,90.10971958529552,1768.7850853436687,1600.0756890935054,753.8955281112585,295.8401152750798,230.6056294184092,192.8919898128317,5858.605038567613,6612.500566678871,True,overshoot,miss,False,3.183333333333327,89,104,15,True,191,191,30.000000000000007
blue,blue_1,red_2,m3,176,2106,4316.889547997306,0.7105748673301554,40.712940926086304,2.2232926516091096,127.38528555965169,4316.889547997306,3435.0153337276297,-2614.613743302143,301.44702290225143,280.1497761336508,-6.667296831540561,4684.077448057057,2069.463704754914,True,overshoot,miss,False,4.699999999999989,176,199,23,True,282,282,30.000000000000007
blue,blue_1,red_2,m5,199,2388,4400.7747860602385,0.3930897820492236,22.522385481137903,2.47170806021715,141.61844003891022,4400.7747860602385,3447.4081758665106,-2735.360229767237,301.6512048203353,312.0471487626292,-3.3673499287422137,3803.343427818758,1067.983198051521,True,overshoot,miss,False,4.816666666666655,199,223,24,True,289,289,30.000000000000007
blue,blue_0,red_0,m4,196,2348,3657.230787526136,0.7269094413386488,41.64884307691707,2.053443270456917,117.65363286672219,3657.230787526136,3655.6802407270106,-106.48479134198806,288.1495843599019,254.99743778907995,46.22436513736326,5767.817017863751,5661.332226521763,True,hit,hit,True,6.333333333333316,196,228,32,False,379,379,30.000000000000004
blue,blue_0,red_2,m2,143,1714,5054.526797573113,0.7626406753298537,43.6960919814075,3.012862179501674,172.62428714003258,5054.526797573113,4917.753498517039,-1167.8791355307849,272.52042325227205,273.4758642679958,-68.26517531561916,6409.80750568811,5241.928370157325,True,hit,hit,True,10.000000000000076,143,193,50,False,599,599,30.000000000000007
blue,blue_2,red_2,m6,243,2907,9698.2082667792,0.7711407565681059,44.183110761877685,2.6587197672148037,152.33342156941296,9698.2082667792,7339.1437669296565,-6339.732829872406,303.66036739456933,268.12800663078156,-30.74101594564703,6377.246846579229,37.51401670682253,True,target_dead,miss,False,0.41666666666666663,243,245,2,False,24,24,29.999999999999996
blue,blue_2,red_0,m3,202,2424,4960.02405470574,0.7303666873403872,41.84692868155516,2.526688609149825,144.768593448065,4960.02405470574,3108.570714244612,-3865.051970905477,207.96077891918932,290.80735533827595,-120.22244801177095,8096.144412792308,4231.092441886831,True,overshoot,miss,False,2.166666666666664,202,213,11,True,130,130,30.000000000000007
blue,blue_1,red_0,m4,228,2734,3393.236802045889,0.7169793584650173,41.07989123804284,1.7285252828264808,99.0372034876143,3393.236802045889,3313.153351091001,-732.85119015601,294.3603366969766,291.84822376991815,155.92850663876806,3870.1579961729863,3137.306806016976,True,overshoot,miss,False,3.1666666666666603,228,244,16,True,190,190,30.000000000000007
blue,blue_1,red_0,m5,244,2924,2964.854948347985,0.46487074079389124,26.635131466610037,1.9385371915475185,111.06999950481645,2964.854948347985,2764.87736248085,-1070.4289024426002,295.09854197430985,294.69781689718866,105.34628767301157,3552.4503693037914,2482.021466861191,True,overshoot,miss,False,3.599999999999992,244,262,18,True,216,216,30.000000000000007
blue,blue_0,red_0,m1,84,998,1017.4353047626288,0.7091873020896561,40.63343929400664,1.571520230813893,90.04147664506105,1017.4353047626288,960.9093934924882,-334.4065443069585,300.60553722950897,274.43741994677526,206.4354619117081,5809.793282957272,5475.386738650313,True,overshoot,miss,False,1.649999999999999,84,92,8,True,99,99,30.000000000000007
blue,blue_1,red_1,m0,81,966,1693.8753681880573,0.4779216219598793,27.382891876347927,1.571136139357705,90.01946982567445,1693.8753681880573,1659.478031267104,339.62689336400217,298.25472171212414,264.5157324150875,263.20170323169066,5811.316706359799,6150.9435997238015,True,overshoot,miss,False,2.9999999999999942,81,96,15,True,180,180,30.000000000000007
blue,blue_0,red_1,m2,128,1534,3562.9603885118863,0.7611536387331449,43.61089106043459,2.940550938462281,168.48115821712216,3562.9603885118863,3481.656465924439,756.8057765314134,298.1635150020538,263.636070412896,-40.018079803625525,4907.222739534259,5664.028516065672,True,hit,hit,True,6.483333333333316,128,161,33,False,388,388,30.000000000000007
blue,blue_1,red_2,m3,131,1565,3271.2321085726353,0.7544562686111761,43.22716001860876,3.0765153467721045,176.2713449772685,3271.2321085726353,3081.0802314576845,1099.046912318683,294.1552464597154,272.9214701625892,-19.96218231992514,5619.284172002422,6718.331084321105,True,hit,hit,True,6.1499999999999835,131,162,31,False,368,368,30.000000000000004
blue,blue_2,red_2,m0,85,1011,1369.9208836584978,0.6742402179128841,38.63111886438919,1.5712462165815237,90.02577678601978,1369.9208836584978,1335.6366901133754,-304.5617499074151,298.36411125843125,266.47289349245017,218.7489489030631,5820.6231106028445,5516.061360695429,True,overshoot,miss,False,2.2999999999999967,85,96,11,True,138,138,30.000000000000007
blue,blue_2,red_0,m4,218,2614,8664.572652573612,0.7326752083196784,41.97919719058595,2.446570846223337,140.17818376834757,8664.572652573612,6801.960159935945,-5367.3230976316945,245.01615430499425,294.665337146206,-83.45246165802718,6011.97558670261,644.652489070915,True,target_dead,miss,False,3.3333333333333264,218,235,17,False,199,199,18.34754720394081
blue,blue_2,red_2,m2,141,1681,3278.7930163985243,0.7361254052137417,42.17687891110492,2.685135664989647,153.8469410239605,3278.7930163985243,3264.365614360345,-307.24709952339526,298.327469806493,289.4265654796654,-28.659092314752833,4435.290016166328,4128.042916642933,True,overshoot,miss,False,5.13333333333332,141,166,25,True,308,308,30.000000000000007
blue,blue_0,red_0,m1,138,1651,3356.5824663117787,0.7285640428411314,41.743644759785326,2.7711993804041057,158.778028686424,3356.5824663117787,2955.004533415035,1592.040847669511,295.4756279847136,273.363225008038,-0.6086692028754488,3220.9912773178085,4813.03212498732,True,hit,hit,True,5.816666666666651,138,167,29,False,348,348,30.000000000000004
blue,blue_0,red_1,m3,145,1740,3241.9308809346544,0.721532663437834,41.340776395821166,2.8590369530500244,163.81075088170888,3241.9308809346544,2094.941635274608,2474.1332586485105,290.8261204498196,292.8233454162391,156.21563606427674,3145.4515658247465,5619.584824473257,True,hit,hit,True,4.683333333333322,145,169,24,False,280,280,23.0554900563189
blue,blue_0,red_0,m0,85,1011,2201.900869447876,0.48673989256277234,27.88814156449798,1.8380403575601854,105.31195506291537,2201.900869447876,2196.252095635696,157.62033907820114,293.688754898231,241.2323042961571,203.59005623432557,5658.620804802448,5816.241143880649,True,overshoot,miss,False,4.24999999999999,85,106,21,True,255,255,30.000000000000007
blue,blue_0,red_0,m1,106,1266,1775.9270046690626,0.6458644991155964,37.00530993665456,2.9917106254855312,171.4123923647646,1775.9270046690626,1765.4652298366082,192.48181251952337,298.4861319770589,249.88268157808375,-4.234433003787486,5346.119781168574,5538.601593688098,True,hit,hit,True,3.3166666666666598,106,122,16,False,198,198,30.000000000000007
blue,blue_1,red_2,m4,170,2035,8723.281770169822,0.6950292184542423,39.822240855704194,2.4654976597911586,141.26261030541468,8723.281770169822,7824.995960051201,-3855.5263022004565,242.90568796124603,316.43753853978103,-101.842518386541,6936.543417849731,3081.0171156492743,True,hit,hit,True,17.933333333333596,170,260,90,False,1075,1075,9.546901407479032
blue,blue_2,red_1,m2,165,1969,6552.032346596358,0.7322347774638902,41.953962361381954,2.744388419696179,157.2418737931687,6552.032346596358,6506.327843257356,-772.5450581675191,301.57943463821215,311.3276739631413,-34.190547970798924,3940.330676775677,3167.785618608158,True,overshoot,miss,False,2.666666666666662,165,178,13,True,160,160,30.000000000000007
blue,blue_2,red_1,m3,178,2129,6532.0647710520125,0.22516819491295792,12.901187249091581,3.0434623151601383,174.37754576579036,6532.0647710520125,6470.310602188954,-896.0752671623018,299.61630242515275,312.5868564291217,32.0154898167189,3488.024039564474,2591.9487724021724,True,overshoot,miss,False,6.11666666666665,178,208,30,True,367,367,30.000000000000007
blue,blue_1,red_2,m0,83,985,1181.5056839493689,0.6516029320746313,37.33409792622603,1.5744216008464118,90.20771290273012,1181.5056839493689,1032.1672742541123,-574.9664330754467,296.6666504391315,285.232066081025,205.7852351065803,5481.647961926026,4906.6815288505795,True,overshoot,miss,False,1.8499999999999983,83,92,9,True,111,111,30.000000000000007
blue,blue_2,red_0,m1,93,1106,1676.2292267731484,0.5528324868847079,31.674968276215196,1.5729835571935844,90.12531907066753,1676.2292267731484,1648.6748320567972,302.68088613422424,295.7677542845151,255.04226810184136,258.6640549707124,6243.935149538684,6546.616035672908,True,overshoot,miss,False,2.7666666666666617,93,106,13,True,166,166,30.000000000000007
blue,blue_1,red_2,m2,129,1544,2407.05885809191,0.7353403280438761,42.13189730267955,2.2475108217099544,128.77288449396002,2407.05885809191,2331.7140363363415,-597.5299147915662,300.0421729103605,305.4505252218402,51.62707035006905,4032.7467938835875,3435.2168790920214,True,overshoot,miss,False,7.949999999999977,129,169,40,True,477,477,30.000000000000007
blue,blue_0,red_2,m3,169,2021,2564.251156305061,0.0615054753907898,3.524004156838003,2.749196271991374,157.51734343820564,2564.251156305061,2479.2026313513406,-654.9338175055789,299.6410677301596,302.7832447407778,56.15289385551536,2138.5014664108253,1483.5676489052464,True,hit,hit,True,4.716666666666655,169,192,23,False,282,282,30.000000000000004
blue,blue_2,red_0,m4,173,2070,3845.5189727855773,0.7257456004731138,41.58215990729706,3.0813973587381747,176.55106365845668,3845.5189727855773,3484.4684991198505,-1626.8052891158477,303.05508280948675,314.72583871583754,-63.97795721838596,4635.611661567675,3008.806372451827,True,hit,hit,True,7.616666666666645,173,211,38,False,456,456,30.000000000000007
blue,blue_2,red_2,m0,128,1526,2536.8545122116143,0.7322438216537913,41.954480555292406,2.7730077922457514,158.88164305257177,2536.8545122116143,2516.2843025783336,-322.40366735863563,299.3673260002977,313.72684432416264,-30.532107056474988,3574.049585113453,3251.645917754817,True,overshoot,miss,False,2.1833333333333305,128,138,10,True,131,131,30.000000000000007
blue,blue_1,red_1,m1,135,1610,2518.831503924615,0.7518171611621071,43.07595030009556,3.0450455811385355,174.46826022419916,2518.831503924615,2495.850397900207,-339.47450046287076,297.20626399688524,277.91243365964084,-41.71809257173269,2882.0847435829896,2542.610243120119,True,overshoot,miss,False,2.066666666666664,135,145,10,True,124,124,30.000000000000007
blue,blue_0,red_0,m3,142,1701,3188.7077391019093,0.736053953256806,42.17278501553456,2.6572499979468485,152.2492099935011,3188.7077391019093,3188.6705227837847,-15.405925424883208,299.0888303678787,301.74142705179787,60.32781825973073,4401.633518762394,4386.22759333751,True,p_hit_fail,miss,False,5.566666666666652,142,170,28,True,333,333,29.03848571828752
blue,blue_2,red_2,m2,139,1657,2525.736916207596,0.25250619013326325,14.467538995563894,2.995212477269643,171.61303369247454,2525.736916207596,2494.9348495267427,-393.25191227866617,297.850167148284,306.17068323852266,21.453104792585215,3157.4938248914036,2764.2419126127375,True,overshoot,miss,False,7.333333333333313,139,175,36,True,440,440,30.000000000000007
blue,blue_1,red_1,m4,145,1734,2538.5413690584332,0.5239699899980533,30.021269018400414,3.0010306503847684,171.94639045644772,2538.5413690584332,2523.371781987547,-277.10491206410416,301.54094608982643,285.1864528159134,7.787984022776414,2481.533632633861,2204.428720569757,True,overshoot,miss,False,7.733333333333311,145,184,39,True,464,464,30.000000000000007
blue,blue_0,red_0,m5,170,2035,2811.7069501224114,0.10557167335279247,6.048811319248745,3.0073567373790335,172.30884854205172,2811.7069501224114,2698.664886213623,-789.2425516178682,303.6797996336198,305.69427133389127,43.64085118018836,3782.1436477181287,2992.9010961002605,True,hit,hit,True,5.2999999999999865,170,196,26,False,317,317,30.000000000000004
blue,blue_1,red_2,m0,131,1564,3088.532815985664,0.7382562138258231,42.298965251527314,2.1635522212286897,123.96241103255852,3088.532815985664,2755.3289338644768,-1395.4201595324548,298.97634051670684,314.99037069140496,-5.801541028331016,3589.1331856249253,2193.7130260924705,True,hit,hit,True,5.916666666666651,131,160,29,False,354,354,30.000000000000007
blue,blue_1,red_0,m1,140,1669,3269.5089011938626,0.7545597831451859,43.233090964525786,3.1219598324292166,178.87512220756383,3269.5089011938626,3260.043352442016,248.60771344533669,298.8485975818321,285.0688650996633,-67.8697884668398,3172.749039145998,3421.3567525913345,True,hit,hit,True,6.033333333333317,140,170,30,False,361,361,30.000000000000007
blue,blue_0,red_1,m2,171,2045,4900.872580051403,0.6737444333553372,38.602712501693986,2.5037936812736796,143.45681070850546,4900.872580051403,4887.461871175052,-362.3099553003676,300.93942107498924,318.34400311317864,43.93492670648699,3463.9034873144738,3101.593532014106,True,overshoot,miss,False,2.7833333333333283,171,185,14,True,167,167,30.000000000000007
blue,blue_0,red_1,m3,185,2212,4832.98387739678,0.3859506036645213,22.113340690503435,2.6540287192415204,152.06464431905042,4832.98387739678,4813.006925413931,-438.9732282209875,299.29059408650846,308.70744223489584,29.95934447960438,2906.5208910381402,2467.5476628171527,True,overshoot,miss,False,3.399999999999993,185,202,17,True,204,204,30.000000000000004
blue,blue_2,red_1,m4,202,2416,4177.9232921557095,0.038042706320496535,2.179686513420113,2.9336931118511727,168.08823369567315,4177.9232921557095,4145.283913817096,-521.2142639897943,298.5477578093302,309.9062944984853,28.113569401750503,2354.647077601376,1833.4328136115819,True,overshoot,miss,False,3.26666666666666,202,218,16,True,196,196,30.000000000000007
blue,blue_0,red_1,m0,87,1041,1328.1531788610187,0.7539833890130493,43.20006601341825,1.5745259169328945,90.2136897742209,1328.1531788610187,816.1304229983929,-1047.817731848003,301.4698487421234,298.7859087824924,55.410460032359246,5503.1557090026,4455.337977154597,True,overshoot,miss,False,2.083333333333331,87,98,11,True,125,125,30.000000000000007
blue,blue_2,red_1,m5,218,2612,4107.643738321988,0.139308277887321,7.981776374179146,3.030069205894114,173.6101771302896,4107.643738321988,3968.299248074149,-1060.8195693471994,299.5107122934486,309.2184303159926,12.13656412345616,2288.3657922895927,1227.5462229423933,True,overshoot,miss,False,3.3333333333333264,218,235,17,True,200,200,30.000000000000007
blue,blue_0,red_2,m1,91,1088,2393.2069601016888,0.6797405668130907,38.946265642220446,1.573097658635568,90.13185660172955,2393.2069601016888,1364.037653310031,-1966.4284462526548,301.53219902949644,298.89842273234876,34.30080299828167,5407.700790176052,3441.272343923397,True,overshoot,miss,False,6.6999999999999815,91,125,34,True,402,402,30.000000000000007
blue,blue_1,red_2,m2,125,1490,2230.9088058434227,0.6278242831693217,35.971681701428416,2.518933975001036,144.3242856396714,2230.9088058434227,1891.146574370404,-1183.4351415421174,298.5101544328241,301.75371336509414,-29.457489323869936,3469.543496686046,2286.1083551439287,True,hit,hit,True,4.699999999999989,125,148,23,False,281,281,30.000000000000007
blue,blue_2,red_0,m4,148,1766,3045.593355966299,0.72167587961408,41.34898207827807,2.4060106965210117,137.85425837398552,3045.593355966299,3034.1846854549376,-263.3670147470716,298.62737619005884,283.74040262634907,18.725560000519927,2453.114705658719,2189.747690911647,True,hit,hit,True,5.816666666666651,148,177,29,False,348,348,30.000000000000007
blue,blue_2,red_1,m3,145,1736,3926.5687009459966,0.7326258083867497,41.97636678292091,2.8514251515081988,163.37462677887112,3926.5687009459966,3885.0480836351776,-569.5113265698606,298.70345072860425,299.8950635746678,-28.274343881925894,2573.531262491696,2004.0199359218354,True,hit,hit,True,7.416666666666646,145,182,37,False,444,444,30.000000000000007
blue,blue_1,red_2,m0,80,952,2056.981778471847,0.6359789573314688,36.43891011422383,1.8123807202157955,103.84176613924556,2056.981778471847,1911.877578177456,-758.8795444782445,299.96159311481716,285.49465387727116,169.8629989980622,5735.954513520417,4977.074969042173,True,overshoot,miss,False,6.399999999999983,80,112,32,True,384,384,30.000000000000007
blue,blue_2,red_2,m1,117,1400,2568.671356613969,0.755334405660619,43.27747356537591,2.8763723076941083,164.8039935391774,2568.671356613969,2477.2790801028,-679.0882840795234,302.92333295423487,310.0558450702616,-83.05626209455534,4280.15473906227,3601.0664549827466,True,hit,hit,True,5.2999999999999865,117,144,27,False,317,317,30.000000000000007
blue,blue_1,red_2,m0,93,1116,2407.066223496372,0.62239008492239,35.66032507684184,1.5877274998097306,90.97008475595578,2407.066223496372,1008.2576824053125,-2185.722820983428,302.4145925371383,306.18629348676757,17.23964817400514,5038.4618422066305,2852.7390212232026,True,overshoot,miss,False,5.2166666666666535,93,119,26,True,313,313,30.000000000000007
blue,blue_1,red_0,m2,123,1474,2753.633363439929,0.7681665925701782,44.01270371721667,2.8703797703113123,164.46064643856883,2753.633363439929,2021.8391196710434,-1869.4018493671488,302.8159646641511,296.5105333741126,-88.92514172503641,4073.433965554754,2204.0321161876054,True,target_dead,miss,False,8.966666666666692,123,168,45,False,537,537,30.000000000000007
blue,blue_0,red_1,m1,95,1136,3670.8719711836975,0.40053627893333155,22.949038324754603,1.5741237834639925,90.19064922365186,3670.8719711836975,1594.8078934573186,-3306.340698081236,298.6100389105145,309.8184916850912,-8.82543037404173,5544.769150690674,2238.428452609438,True,p_hit_fail,miss,False,6.949999999999981,95,130,35,True,416,416,30.000000000000004
blue,blue_0,red_0,m3,126,1503,2581.3957122900742,0.7343118745375395,42.07297125734104,2.874322051704379,164.6865225240445,2581.3957122900742,2418.9585621819083,-901.2454148989682,300.96110249227894,334.2920056818418,-61.09791042110402,3908.3348672292914,3007.089452330323,True,overshoot,miss,False,2.033333333333331,126,136,10,True,122,122,30.000000000000007
blue,blue_1,red_2,m2,125,1500,2673.096928850097,0.7331972054595408,42.00910542361797,2.60905790847666,149.48800666094243,2673.096928850097,2088.384001536957,-1668.5620914884491,304.3042840040471,288.9994109208875,-62.57009453983939,3601.1203097243374,1932.5582182358883,True,overshoot,miss,False,2.366666666666663,125,137,12,True,142,142,30.000000000000007
blue,blue_2,red_1,m4,130,1553,2765.016357297912,0.20117692066248352,11.526588489398511,3.1074756122821423,178.0452375235981,2765.016357297912,859.4094392700995,-2628.065994570621,306.08401359852405,303.190042056682,76.34570843011956,3251.7811444403396,623.7151498697185,True,hit,hit,True,4.716666666666655,130,153,23,False,282,282,26.683478268095133
