team,shooter_id,target_id,missile_id,current_step,physics_frame,range_m,AO_rad,AO_deg,TA_rad,TA_deg,relative_distance_3d_m,horizontal_range_m,altitude_diff_m,shooter_speed_mps,target_speed_mps,closing_speed_mps,shooter_alt_m,target_alt_m,target_alive_at_launch,termination_reason,is_success,flight_time_sec,launch_step,termination_step,step_delta,target_alive_at_termination
blue,blue_0,red_0,m0,61,732,3794.323744358555,0.39054347862950545,22.376493041828322,1.598944105087262,91.61274889882249,3882.455246408759,3794.323744358555,-822.5363599037901,331.10211044355646,258.83436545271866,271.58689791985427,5861.456935983373,5038.920576079583,True,hit,True,6.433333333333316,61,94,33,False
blue,blue_0,red_1,m0,65,770,3997.082149618836,0.5766450220738896,33.039326042062065,1.6200437479875303,92.82166938624104,4037.149168899859,3997.082149618836,-567.3691048579276,334.07908498757945,269.4040268303925,250.5014344448767,5798.617435315473,5231.248330457545,True,hit,True,6.449999999999982,65,97,32,False
blue,blue_0,red_0,m0,62,741,3925.0077315245817,0.39187744286205195,22.452923562374643,1.629505742254745,93.36380172352942,4006.4996382838603,3925.0077315245817,-803.9612298120865,332.16889554975467,261.47238444396186,266.083195454226,5825.619490573624,5021.658260761537,True,hit,True,7.04999999999998,62,97,35,False
blue,blue_0,red_0,m1,75,889,2448.892194471672,0.5286518490693102,30.28951978345847,1.6050004591502416,91.95975242586813,2589.3671611675613,2448.892194471672,-841.2783815055955,333.95341381376346,259.5209474903239,224.25165924641618,5796.58463692457,4955.306255418975,True,hit,True,4.549999999999989,75,97,22,False
blue,blue_0,red_0,m1,69,819,3271.8989963806366,0.47235602143857647,27.064006456021463,1.6406459165299863,94.00208669254096,3440.3513378306698,3271.8989963806366,-1063.3410954141955,336.5646500339921,257.71248531867195,239.73365370822225,5730.926138880511,4667.585043466315,True,hit,True,6.2333333333333165,69,100,31,False
blue,blue_0,red_1,m1,64,767,3995.7485231929995,0.5541218900962134,31.748845638325076,1.63065325763301,93.42954951163036,4079.7164460769923,3995.7485231929995,-823.4561432110695,333.0667005536008,255.8863548234333,256.7910397673506,5820.041015078347,4996.584871867278,True,hit,True,7.583333333333312,64,102,38,False
blue,blue_0,red_1,m0,69,827,3326.309469097837,0.557709700716967,31.954412044586473,1.6078746418459455,92.12443096388151,3652.823438655079,3326.309469097837,-1509.5643046183832,331.47805284439465,269.45487467510804,193.65745858433598,5884.731980172261,4375.167675553877,True,hit,True,6.583333333333315,69,102,33,False
blue,blue_0,red_1,m1,73,874,3074.055458948595,0.7729751030702593,44.28821107461566,1.6482991372253089,94.44058393806512,3214.040641572722,3074.055458948595,-938.2112134213367,339.76920239004124,273.2426160303434,198.95341098113488,5640.706326801821,4702.495113380484,True,hit,True,6.733333333333315,73,107,34,False
blue,blue_0,red_0,m1,66,786,3580.676908170253,0.5253836416013635,30.10226528897199,1.6208485422449272,92.86778070056626,3613.934981312107,3580.676908170253,-489.16145437642444,336.44571721689306,254.73171250739495,262.20840088183616,5731.070024333095,5241.90856995667,True,hit,True,6.06666666666665,66,96,30,False
blue,blue_0,red_1,m0,60,713,4410.298519072073,0.5246748350886276,30.06165366730083,1.6280365030635469,93.27962051877856,4437.252137073802,4410.298519072073,-488.33748641355123,332.3369505794642,256.9645785520466,263.1987693260685,5847.929655031508,5359.592168617957,True,hit,True,6.749999999999981,60,94,34,False
blue,blue_0,red_0,m1,66,783,3618.961040717162,0.44885791425537425,25.717664087877935,1.5897026583954803,91.08325300678827,3657.2995272314406,3618.961040717162,-528.1674144233766,336.11537101955884,247.79645364299293,278.94815063466757,5757.7996668584765,5229.6322524351,True,kill_cooldown_blocked,False,6.133333333333317,66,96,30,True
blue,blue_0,red_1,m0,58,694,4399.864115164851,0.43647397185423076,25.008116454559303,1.61340063566914,92.4410470875659,4537.754076391363,4399.864115164851,-1110.1386516517014,331.0955700633375,269.148893173017,255.4750018180295,5848.988916791956,4738.850265140255,True,hit,True,8.099999999999982,58,99,41,False
blue,blue_0,red_0,m0,68,808,3587.866311909612,0.5194517497435316,29.7623929209902,1.6211617932118476,92.88572865889918,3624.5180519312125,3587.866311909612,-514.1463183174155,338.0022839519038,252.6713394431589,267.3051668385127,5601.398782868852,5087.252464551437,True,hit,True,6.349999999999983,68,99,31,False
blue,blue_0,red_0,m1,70,835,3024.082237612334,0.589030964003899,33.748988239945724,1.6070066632895206,92.0746994558905,3071.440520302565,3024.082237612334,-537.2834353617009,334.9841144082082,254.34847054112788,253.6920458611955,5708.982601513395,5171.699166151694,True,hit,True,5.18333333333332,70,96,26,False
blue,blue_0,red_1,m1,70,838,3108.4877552171156,0.6810215762667476,39.01966207743135,1.6706823719118544,95.72304881745501,3156.5415123515268,3108.4877552171156,-548.6877024899695,339.79076879918614,256.9327793823572,216.86554660857544,5546.95846426149,4998.2707617715205,True,hit,True,6.26666666666665,70,102,32,False
blue,blue_0,red_1,m0,61,731,4280.906732977553,0.49210752909004435,28.195684483470927,1.6372707639539335,93.80870469472042,4390.750026230994,4280.906732977553,-975.9730203212257,332.7410136872487,254.20536052716145,251.7039950900453,5831.0390660595185,4855.066045738293,True,hit,True,7.516666666666645,61,99,38,False
blue,blue_0,red_1,m0,56,669,4333.8439360435295,0.33948315611308144,19.45095206106042,1.6607876435949773,95.15612264546937,4393.993086113345,4333.8439360435295,-724.5495006075207,331.47169264473837,257.4688005613682,274.0685471744002,5898.109786329075,5173.5602857215545,True,hit,True,7.349999999999979,56,93,37,False
blue,blue_0,red_1,m0,53,632,4772.102457398199,0.3944322836202373,22.59930515514667,1.6120308914778902,92.36256652639474,4813.348128050005,4772.102457398199,-628.7752681972779,324.9842129645572,258.5555167467937,273.31202523285407,5978.931989741194,5350.156721543916,True,hit,True,6.6166666666666485,53,86,33,False
blue,blue_0,red_0,m1,72,853,2764.86950861663,0.47160508239876786,27.020980818368823,1.6716023569099767,95.77576007506276,2874.5024880580568,2764.86950861663,-786.2958439251697,340.14261030655314,258.54909844068055,255.01459829071936,5645.321231666867,4859.025387741697,True,hit,True,5.2166666666666535,72,98,26,False
blue,blue_0,red_0,m1,72,855,2644.599791777757,0.48522431472441074,27.8013053508363,1.6452267600586727,94.2645496933445,2684.2118256499875,2644.599791777757,-459.43994851153457,336.889134417106,248.99307094871597,265.83630624201885,5785.250192223093,5325.8102437115585,True,hit,True,4.34999999999999,72,93,21,False
blue,blue_0,red_1,m0,61,723,3965.724012597899,0.4427176644397871,25.36585368828881,1.6022123354420426,91.80000470462797,4068.8723331886763,3965.724012597899,-910.3598847119092,331.7366091780242,262.943640181574,264.79196720467513,5815.410572312223,4905.050687600314,True,hit,True,7.0833333333333135,61,96,35,False
blue,blue_0,red_0,m2,140,1671,4174.160668472321,0.7492416319963608,42.928383348885454,3.117848170244886,178.63954131761815,4669.241939981723,4174.160668472321,-2092.415591574244,294.99829371948323,253.83592594449343,-130.34262563096053,6224.204798507445,4131.789206933201,True,hit,True,11.850000000000168,140,199,59,False
blue,blue_0,red_0,m1,70,830,3163.308323861511,0.5858366611884727,33.565968170135044,1.6293527269890644,93.35503459460485,3204.7905871501057,3163.308323861511,-513.9680492738798,338.74413972282105,251.7467722108147,252.15222116369824,5653.630282218424,5139.6622329445445,True,hit,True,5.799999999999985,70,99,29,False
blue,blue_0,red_1,m0,55,657,4588.9042983394065,0.45476542276964255,26.056139393183106,1.6237630614911678,93.03477035268548,4611.6774048885545,4588.9042983394065,-457.7399124412832,327.680261027181,261.6386267529849,273.21678930154394,5910.224764379785,5452.484851938501,True,hit,True,7.216666666666646,55,91,36,False
blue,blue_1,red_0,m1,79,941,1664.1899791306178,0.7535013389402846,43.172446578734856,1.6609708454912204,95.16661934092289,2079.622197299636,1664.1899791306178,-1247.11675350089,327.98629527619875,256.69731852405,126.1347286810838,5756.660988978674,4509.544235477784,True,hit,True,4.166666666666657,79,100,21,False
blue,blue_0,red_1,m0,69,821,3371.0191117384525,0.5432590450836854,31.12645046560249,1.6129870738494179,92.41735174072808,3485.2197368799866,3371.0191117384525,-884.8653923800493,332.47775402041833,250.80653158343108,237.60694511390665,5823.969532756178,4939.104140376128,True,hit,True,6.3166666666666496,69,100,31,False
blue,blue_0,red_1,m1,75,889,2450.764334546626,0.660622017584815,37.85085346102715,1.6603787383556985,95.1326941010379,2548.9314190926816,2450.764334546626,-700.5751606730482,341.6200770325746,256.54203622382994,226.0876014345758,5535.413604930941,4834.838444257893,True,hit,True,4.783333333333322,75,98,23,False
blue,blue_0,red_0,m0,71,852,2972.2098310285387,0.6026383518740461,34.52863413510267,1.6063543429640572,92.03732425435085,3019.6111533366357,2972.2098310285387,-532.9354911171831,338.95450090558023,255.2916858432633,257.2765422450514,5601.678954327007,5068.743463209824,True,kill_cooldown_blocked,False,5.599999999999985,71,99,28,True
blue,blue_0,red_0,m1,75,892,2786.4393025875925,0.6060253475686884,34.72269469363465,1.5755373939516226,90.27164313846849,2802.4511459365694,2786.4393025875925,-299.14618225269805,341.379182034893,243.83343626154397,271.3598272174374,5647.986138718275,5348.8399564655765,True,hit,True,4.29999999999999,75,96,21,False
blue,blue_0,red_1,m0,61,725,4134.081127194742,0.43861240120551975,25.130639431175062,1.6119751037833785,92.35937012695045,4294.736992932681,4134.081127194742,-1163.6748137846307,332.8510977990556,268.43314122600145,242.84621861824166,5877.399165728526,4713.724351943895,True,kill_cooldown_blocked,False,7.24999999999998,61,97,36,True
blue,blue_0,red_0,m1,79,946,2012.34302763327,0.7277465987007892,41.696808660556016,1.7003046720429114,97.4202815944344,2538.2907672875067,2012.34302763327,-1547.060295668131,331.7199317702362,278.17486522831814,74.18538579937923,5547.751916381922,4000.6916207137906,True,hit,True,5.549999999999986,79,107,28,False
blue,blue_0,red_0,m1,64,768,3604.4274090817894,0.45471678521549214,26.05335266660445,1.614385550368693,92.4974785430307,3667.7248992991344,3604.4274090817894,-678.4607502271483,334.32865828046323,258.84903614697043,265.8802978785336,5798.066135554662,5119.605385327513,True,hit,True,6.333333333333316,64,96,32,False
blue,blue_0,red_1,m0,57,675,4502.520638922705,0.4721367085658841,27.0514407540233,1.648653155007411,94.46086766285215,4556.649985806897,4502.520638922705,-700.2620860999641,328.83707023042734,262.6445901207313,255.5674471244382,5904.984678765104,5204.72259266514,True,kill_cooldown_blocked,False,8.233333333333322,57,98,41,True
blue,blue_1,red_0,m2,142,1696,4449.135785581637,0.745733165450826,42.727363023263464,2.4970907050138735,143.0727584586422,4659.013150882879,4449.135785581637,-1382.6041738532695,293.63236018547946,264.2048038975018,-62.707722877611594,6183.0316147162885,4800.427440863019,True,hit,True,10.783333333333449,142,196,54,False
blue,blue_0,red_1,m0,56,663,4385.846403004298,0.3776882261740543,21.639941331555782,1.6002049670550924,91.68499096812774,4482.869537276743,4385.846403004298,-927.6155547952294,329.84596905777966,262.30590135420937,274.2472840876418,5879.255209444491,4951.6396546492615,True,hit,True,7.433333333333312,56,93,37,False
blue,blue_0,red_0,m1,58,693,4300.917519994901,0.34449282954673505,19.73798520554758,1.7287951787883293,99.05266738713586,4365.067331170274,4300.917519994901,-745.601295499735,331.39486629572457,254.4186517298917,257.9654895760199,5845.761402303512,5100.160106803777,True,hit,True,7.566666666666645,58,96,38,False
blue,blue_0,red_1,m2,153,1828,4974.176441915733,0.7437605249420863,42.61433904761614,2.8033766452281794,160.62165015711818,5339.180618204228,4974.176441915733,-1940.2109159826477,293.262845882892,224.4383680667287,-65.55681046091587,6184.76053035947,4244.549614376822,True,hit,True,12.23333333333352,153,214,61,False
blue,blue_0,red_0,m0,71,849,3019.907714553203,0.5044785451935508,28.904491494490227,1.5981651616087986,91.5681187250273,3241.6181683398368,3019.907714553203,-1178.2384074935635,338.52948260411756,260.738082822853,227.803788222525,5658.074736041161,4479.836328547597,True,hit,True,5.716666666666652,71,100,29,False
blue,blue_1,red_1,m1,72,862,2862.457324524409,0.5759028722488713,32.996803989322146,1.6238379494203152,93.03906111496211,3155.9684590006377,2862.457324524409,-1329.0880254834228,338.95601930350483,264.3813106484327,208.38807728871214,5691.744248976964,4362.656223493541,True,hit,True,5.649999999999985,72,100,28,False
blue,blue_0,red_1,m2,136,1627,5198.03703988104,0.7471651615334308,42.80941035507599,3.053110043949292,174.9303199072957,5517.421509035464,5198.03703988104,-1849.9597402084,298.7541172130211,263.95732843299476,-114.6179150677249,6081.733996213059,4231.774256004659,True,hit,True,12.750000000000213,136,200,64,False
blue,blue_0,red_1,m0,59,701,4388.439713103335,0.48016316574689843,27.511322874937896,1.5816119035301004,90.61968689992706,4403.358503410691,4388.439713103335,-362.16431908286813,332.25234646234105,250.88676655494993,282.54388001819575,5798.773673847231,5436.609354764363,True,hit,True,6.799999999999981,59,93,34,False
blue,blue_0,red_1,m0,53,631,5042.455935649564,0.5090258162962608,29.165030936977303,1.5914383896075892,91.18270307961123,5064.033508508403,5042.455935649564,-466.9834176160921,326.67368143542257,255.51135350622388,271.9104773721034,5922.101785052977,5455.118367436885,True,hit,True,7.383333333333312,53,90,37,False
blue,blue_0,red_0,m1,65,769,3580.587857027905,0.5183788062643698,29.700917787978153,1.6124446953780591,92.38627574342047,3584.6469368282246,3580.587857027905,-170.54107955647123,334.0643201309173,250.17853579812927,270.6216610773598,5754.358767901673,5583.8176883452015,True,kill_cooldown_blocked,False,5.316666666666653,65,91,26,True
blue,blue_0,red_1,m0,49,583,5097.889725744255,0.3890431881017438,22.290532726544125,1.609126268033956,92.19614386198255,5111.818504109296,5097.889725744255,-377.10577177412415,325.75803405557014,252.51712660944898,283.2483836251634,5921.427059816145,5544.321288042021,True,hit,True,7.14999999999998,49,85,36,False
blue,blue_0,red_1,m0,71,851,3070.168232935056,0.6732535651876564,38.57458782738856,1.6328519856040047,93.55552734466572,3187.4909589571375,3070.168232935056,-856.8346601940939,338.8983645830519,254.9309273337919,213.23966495239705,5570.5531364788385,4713.718476284745,True,hit,True,5.6833333333333185,71,100,29,False
blue,blue_0,red_0,m1,75,900,2903.308152983462,0.7422563877648195,42.52815833555003,1.6088991092642653,92.18312862319989,2931.178748974705,2903.308152983462,-403.25008029840956,341.18484719730617,246.7742556700843,223.7539350074694,5476.861994309238,5073.6119140108285,True,hit,True,5.999999999999984,75,105,30,False
blue,blue_0,red_0,m1,69,822,3608.787905038277,0.6205137431492336,35.55281861231588,1.6098079777049559,92.2352029489841,3728.4165604516393,3608.787905038277,-936.87774266415,340.07390609302814,262.6958534861634,242.96956845983843,5589.4240026162115,4652.5462599520615,True,hit,True,7.016666666666647,69,104,35,False
blue,blue_0,red_0,m1,156,1861,3749.0540774635306,0.7414075422293785,42.479523068910744,2.249485083604658,128.88600136818002,5295.902959266969,3749.0540774635306,-3740.4788033387813,297.6701640795818,244.8535678332054,-96.02943178756406,6438.023368896232,2697.5445655574504,True,hit,True,10.900000000000121,156,210,54,False
blue,blue_0,red_0,m2,153,1827,4463.286262042936,0.744088695725737,42.63314184847883,2.5420088954163016,145.64638119206637,4840.279093640742,4463.286262042936,-1872.7993612222426,281.1292234107044,250.76526162223055,-82.668303901801,6576.171638694187,4703.3722774719445,True,hit,True,11.233333333333471,153,209,56,False
blue,blue_0,red_1,m0,64,762,3885.566446609286,0.4503797490212016,25.804858797076122,1.6431882510118916,94.14775172846471,3890.167729833144,3885.566446609286,-189.15167252563788,329.8739662000513,254.7249066929882,273.2643597477737,5885.508073020806,5696.356400495168,True,hit,True,6.099999999999984,64,94,30,False
blue,blue_0,red_0,m0,75,899,2876.193103914385,0.7794784040811769,44.660822775444394,1.6107707129342623,92.29036361441192,2884.7906500461913,2876.193103914385,-222.5540913783925,342.28438665002835,243.42918326771854,228.90079984517388,5525.900906361322,5303.34681498293,True,hit,True,4.599999999999989,75,98,23,False
blue,blue_0,red_0,m1,73,869,2749.638134311673,0.38591219962601736,22.1111403011809,1.661967013864431,95.22369558439226,3031.9999025636776,2749.638134311673,-1277.698532317061,335.55986269807187,274.1223449599806,220.73510613322284,5759.944051802245,4482.245519485184,True,hit,True,5.6833333333333185,73,101,28,False
blue,blue_0,red_0,m0,54,640,4732.116464916051,0.32545067411296413,18.6469500663604,1.6114550474118965,92.32957309175565,4747.624891812781,4732.116464916051,-383.4264933866052,328.28710553398804,247.2242280736315,294.9544637716773,5916.859994894245,5533.433501507639,True,hit,True,7.24999999999998,54,90,36,False
blue,blue_0,red_1,m0,68,807,3553.564271877754,0.6365554395798864,36.47194011402237,1.6580537475054367,94.99948193791137,3628.397019018892,3553.564271877754,-733.1070135110631,337.1751199998566,268.4721509096404,223.58121199618017,5701.650213869387,4968.543200358324,True,hit,True,7.216666666666646,68,104,36,False
blue,blue_0,red_0,m1,76,906,2976.754172500455,0.7489603652633391,42.91226795216588,1.6477283169610353,94.40787834606171,2999.99990661372,2976.754172500455,-372.73856278021776,342.0434556982806,264.5303904093185,217.5152593226691,5543.626337006135,5170.887774225917,True,kill_cooldown_blocked,False,5.8499999999999845,76,105,29,True
blue,blue_0,red_1,m1,61,725,3996.6507228441474,0.4274622921457448,24.49178524093938,1.6631162461451714,95.28954174375889,4102.521966637841,3996.6507228441474,-925.9964828957864,332.4312291628249,256.03834600485203,250.9316150435018,5833.2081142096895,4907.211631313903,True,hit,True,7.24999999999998,61,97,36,False
blue,blue_0,red_1,m0,54,644,4593.844373615191,0.40642940173497927,23.28668938944133,1.6389505956888095,93.90495196342096,4658.209595094,4593.844373615191,-771.6932699135477,328.6377121959107,261.2759656533733,267.8204119198233,5895.277860200937,5123.584590287389,True,hit,True,7.899999999999977,54,94,40,False
blue,blue_0,red_0,m1,71,845,3154.4990480222486,0.6466147594915271,37.048296689731295,1.6014099659661158,91.75403232004724,3194.1078678759764,3154.4990480222486,-501.45869984869296,340.1190294234501,249.09533149794174,255.0970050803818,5621.973853117335,5120.515153268642,True,kill_cooldown_blocked,False,5.116666666666654,71,96,25,True
blue,blue_0,red_1,m1,139,1658,4193.03128525905,0.7436325683393105,42.60700767431626,2.9589515736122873,169.5354369515776,4900.651124597331,4193.03128525905,-2536.704572049319,292.17910455394247,252.90241350129398,-143.57178651028102,6249.349031118187,3712.644459068868,True,hit,True,12.916666666666888,139,203,64,False
blue,blue_0,red_0,m0,56,672,4464.302591326151,0.4381892034150923,25.106391983884308,1.6142508612988486,92.48976142778207,4481.51921893091,4464.302591326151,-392.44984740183554,331.02869464617197,256.1178192221338,278.2807648433767,5789.580095287498,5397.130247885662,True,hit,True,6.199999999999983,56,87,31,False
blue,blue_0,red_0,m2,146,1741,4522.344094258656,0.7396872250379695,42.3809561544192,2.792558781186916,160.00183220420746,4744.191147864949,4522.344094258656,-1433.7899220611089,291.23710114643956,250.48699739534715,-82.91444135238436,6259.592222369679,4825.80230030857,True,hit,True,10.633333333333441,146,199,53,False
blue,blue_0,red_1,m1,66,782,3399.841431757955,0.6152006275985483,35.24839951519629,1.6443783763722877,94.2159408887069,3433.672211052656,3399.841431757955,-480.81502873480895,338.29869631533603,250.68972738006735,241.96698623217713,5648.993177844748,5168.178149109939,True,hit,True,5.499999999999986,66,93,27,False
blue,blue_0,red_1,m0,63,750,3663.4961825862624,0.4533679090079175,25.97606775282481,1.6347775395777386,93.66585346058532,3710.9141173058456,3663.4961825862624,-591.3368804629908,333.66212473416107,251.48631178222163,269.31071310233267,5800.830070968197,5209.493190505206,True,hit,True,6.2333333333333165,63,94,31,False
blue,blue_1,red_0,m1,84,1007,1808.644242165357,0.7693532123523947,44.08069202262441,1.6859926506739618,96.60026317369254,1865.5927485359446,1808.644242165357,-457.4301134293655,339.09959671824413,248.47346411656727,196.55800767670954,5653.338255287017,5195.908141857652,True,hit,True,3.683333333333325,84,103,19,False
blue,blue_0,red_0,m2,149,1788,4492.369497279631,0.7466219347599495,42.778285753637,2.9830365226005315,170.91540287839186,4816.757932813722,4492.369497279631,-1737.7494880550166,283.3995359511216,235.24689677237092,-95.7224370538616,6504.462643928426,4766.713155873409,True,miss,False,11.650000000000158,149,208,59,True
blue,blue_0,red_0,m0,66,786,3666.2281713637058,0.4881564781389026,27.969305939329356,1.6358257115266353,93.7259092894611,3784.409109204677,3666.2281713637058,-938.3620310575625,338.91641835131514,267.6390888727733,262.29308980581817,5607.225685459818,4668.863654402256,True,hit,True,6.849999999999981,66,100,34,False
blue,blue_0,red_0,m0,73,867,3145.9744427664436,0.6888380515215919,39.467513120202376,1.623357605240348,93.01153942073631,3147.794179080117,3145.9744427664436,-107.01868673756053,341.0583525748945,244.32170876198148,237.88563972981476,5533.411977615564,5426.393290878003,True,hit,True,5.049999999999987,73,98,25,False
blue,blue_1,red_1,m1,76,905,3126.276219460292,0.7654741413467897,43.858437625571675,1.6215895903920818,92.91023963181419,3239.2852419399724,3126.276219460292,-848.1543953120618,340.1638722932267,249.13487990016395,212.21041625488982,5630.251549183694,4782.097153871632,True,miss,False,5.483333333333319,76,103,27,True
blue,blue_1,red_0,m3,210,2511,5091.438213548682,0.7739062697795479,44.341562997080985,2.753668608839638,157.77358946417203,5552.982471805097,5091.438213548682,-2216.499774371937,277.94488553416386,282.66998568029555,-34.383375541039015,7153.760362214023,4937.260587842086,True,hit,True,11.366666666666811,210,266,56,False
blue,blue_0,red_1,m0,52,624,4770.801887032345,0.3571625797108017,20.46390841743378,1.638159542774648,93.85962797006799,4778.929323782736,4770.801887032345,-278.5943940554698,328.0911221114915,245.9078624593688,283.3152960251547,5888.9597556404315,5610.365361584962,True,hit,True,6.716666666666648,52,86,34,False
blue,blue_0,red_0,m1,63,749,3805.548326017464,0.424296308180472,24.31038772172315,1.6270652996344344,93.22397466124177,3834.3987017213485,3805.548326017464,-469.4841233822899,335.5455040232884,257.89213857279145,274.35119951072716,5727.4201413464825,5257.936017964193,True,hit,True,6.566666666666649,63,96,33,False
blue,blue_0,red_1,m2,155,1857,4949.326855447064,0.7442473863780489,42.642234153104475,2.827108668697279,161.98139494120298,5838.4425699412795,4949.326855447064,-3097.0268517487875,281.82195863325114,231.57777265973905,-104.3045594851055,6515.134983632084,3418.1081318832967,True,hit,True,13.983333333333608,155,225,70,False
blue,blue_0,red_0,m0,57,677,4540.375643934951,0.3129962950873979,17.9333667117392,1.6476286764468793,94.40216936513205,4624.820449308035,4540.375643934951,-879.7460999061313,331.6624656086705,263.9254962357231,269.2689808393026,5815.929771788023,4936.183671881891,True,hit,True,8.18333333333332,57,98,41,False
blue,blue_0,red_1,m1,59,707,4497.1093924919005,0.5444914322304059,31.19706104783574,1.606493554889703,92.04530051014824,4512.716600671933,4497.1093924919005,-374.9909731462467,332.52667739743595,254.37663462507103,264.54066451479935,5778.015343219791,5403.024370073545,True,multi_kill_blocked,False,7.699999999999978,59,98,39,True
blue,blue_0,red_0,m0,68,807,3188.8822333104185,0.4587187696302607,26.28264948324782,1.668632075858526,95.60557550684696,3411.491712036017,3188.8822333104185,-1212.1492496254705,331.86067194254696,272.1261460486131,220.91937244693383,5763.608888573519,4551.459638948048,True,hit,True,6.416666666666649,68,100,32,False
blue,blue_0,red_1,m1,71,846,2985.3614325056233,0.622460063116189,35.66433453200447,1.6383631190463164,93.87129203124358,3118.1100902306443,2985.3614325056233,-900.1264645071442,334.7351708381378,258.6022412616362,213.89194915772887,5710.419025133378,4810.292560626234,True,kill_cooldown_blocked,False,6.016666666666651,71,101,30,True
blue,blue_0,red_0,m1,72,854,2609.50732043137,0.5769951980721243,33.0593896488477,1.6074942174210172,92.10263424990941,2665.6950345827313,2609.50732043137,-544.4277381013198,339.55425888880364,264.6580397094982,254.7283723413415,5586.692081693557,5042.264343592237,True,hit,True,4.783333333333322,72,95,23,False
blue,blue_0,red_1,m0,69,822,3272.992154144837,0.5841651089790504,33.470195283299375,1.6425772700479553,94.11274509786833,3434.4452922377245,3272.992154144837,-1040.6425055129193,336.63643865032475,264.27973121089934,218.5700928188494,5648.181958384796,4607.539452871877,True,miss,False,6.833333333333314,69,103,34,True
blue,blue_0,red_1,m0,59,702,4325.484051863418,0.44279329030461073,25.37018673116523,1.6043103249752397,91.92021065034278,4351.787375811135,4325.484051863418,-477.74583341394737,332.3251246348915,254.16809647057315,278.5805470008007,5845.388294837075,5367.642461423127,True,hit,True,6.249999999999983,59,90,31,False
blue,blue_0,red_1,m2,146,1747,5085.950432200016,0.743739633876251,42.61314207771425,3.053753331400566,174.96717756326746,5307.276916482978,5085.950432200016,-1516.6728287397864,289.9820455897333,247.26549994033783,-93.86667845060924,6352.426871053763,4835.754042313976,True,hit,True,11.350000000000144,146,203,57,False
blue,blue_1,red_1,m2,161,1922,4669.686563823721,0.7450675637647524,42.68922685581465,2.560386245691981,146.69932580149634,5690.2937872148395,4669.686563823721,-3251.687374342744,291.9959345213019,243.75282738458833,-107.17199278579119,6464.078076118887,3212.390701776143,True,hit,True,13.000000000000226,161,226,65,False
blue,blue_1,red_1,m2,165,1969,5755.188930163655,0.7365315242070992,42.200147815404414,2.4324418954060762,139.3686545175706,6457.261558881755,5755.188930163655,-2928.143988593074,290.6534762546406,228.3068103377485,-43.884516434813044,6209.619701077082,3281.475712484008,True,hit,True,13.90000000000027,165,234,69,False
blue,blue_0,red_1,m1,69,828,3060.487421459075,0.5439196718687688,31.16430159222106,1.6142712364776113,92.49092883953199,3158.5000241926114,3060.487421459075,-780.729880250211,338.4159847463989,257.3684888969212,243.7081190162471,5682.8067885139235,4902.0769082637125,True,hit,True,5.499999999999986,69,97,28,False
blue,blue_0,red_0,m0,63,754,3892.07521010883,0.3669179560993722,21.02285031206045,1.6468748281634065,94.35897704009588,4017.959318051853,3892.07521010883,-997.8715550490542,333.78854981217626,259.9365470706137,258.4260197392856,5791.937399464292,4794.065844415238,True,multi_kill_blocked,False,6.749999999999981,63,97,34,True
blue,blue_0,red_0,m1,64,766,3761.326075396449,0.5516111203285383,31.604989127308254,1.6084454674312436,92.15713686075716,3764.3009486495152,3761.326075396449,-149.62548762287588,335.5945654445443,249.7578240447143,269.6810224433059,5746.2031412497545,5596.577653626879,True,hit,True,6.06666666666665,64,95,31,False
blue,blue_0,red_1,m0,62,736,3762.8067430671895,0.5315430896541599,30.455175666527293,1.6450822866402255,94.25627197621566,3835.859900497391,3762.8067430671895,-745.0547567608337,333.7449112711721,265.4541041777006,251.01300454395158,5785.015248376391,5039.960491615558,True,multi_kill_blocked,False,6.599999999999982,62,95,33,True
blue,blue_0,red_1,m0,65,780,3889.1118588440613,0.5920353371808323,33.92112614306632,1.6171594179169397,92.65640944647353,3903.4512847928845,3889.1118588440613,-334.27665510728,332.81527455495814,246.7524910734456,253.7989359918425,5749.9825681535385,5415.7059130462585,True,hit,True,6.383333333333316,65,97,32,False
blue,blue_0,red_0,m0,62,743,3916.2197783110937,0.28921692465291876,16.570909146365377,1.596916814920088,91.49659372839506,3929.883280826376,3916.2197783110937,-327.4221264418293,324.8319568558911,260.5155555694178,296.2307462147571,6013.791817894617,5686.369691452788,True,hit,True,5.533333333333319,62,90,28,False
blue,blue_0,red_1,m1,65,779,3562.1987401219258,0.3975128004325212,22.77580576720963,1.604952971976649,91.95703161124028,3714.893087410853,3562.1987401219258,-1054.1208596582765,326.06326077230585,260.12351222503014,255.81189956634728,5986.955907199294,4932.835047541018,True,hit,True,6.516666666666649,65,98,33,False
blue,blue_0,red_1,m2,140,1670,4385.876922757604,0.7445793427138947,42.66125385013107,3.0191028838053384,172.98185315782166,4520.714440092468,4385.876922757604,-1095.875297323032,288.2369821899078,229.97876247258503,-67.35144184585437,6404.14661441165,5308.271317088618,True,hit,True,8.71666666666668,140,183,43,False
blue,blue_0,red_0,m2,142,1698,4489.075782597004,0.755290828909615,43.274976801458486,3.1338950515382558,179.55895989007567,4719.024363553959,4489.075782597004,-1455.1252736163115,295.69972558254665,245.37574190693073,-95.2891782558419,6068.243732623435,4613.118459007123,True,hit,True,11.666666666666826,142,200,58,False
blue,blue_0,red_0,m0,71,847,2942.354694237286,0.5734040905185651,32.853634342251205,1.609391825918457,92.21135920798088,3003.639916584382,2942.354694237286,-603.6568576590835,337.47049320874044,261.80279722648123,245.34567440195195,5666.212303666945,5062.555446007862,True,hit,True,5.433333333333319,71,98,27,False
blue,blue_0,red_1,m0,58,693,4150.023223388061,0.4365690053908677,25.013561475120802,1.6092826567797271,92.20510427707858,4192.897815323742,4150.023223388061,-598.0797062987358,327.72448411580143,252.86684080977284,277.85297900056787,5946.899157003256,5348.81945070452,True,hit,True,6.433333333333316,58,90,32,False
blue,blue_0,red_1,m0,66,791,3343.165780436232,0.4028170355557735,23.07971605331704,1.647212180808608,94.3783059228735,3498.2600348554524,3343.165780436232,-1030.080499760611,331.42243536037347,259.6804243499322,252.0518514970605,5874.7099676858015,4844.6294679251905,True,hit,True,5.649999999999985,66,95,29,False
blue,blue_1,red_0,m1,68,805,3323.460700363548,0.4112705937425826,23.564069259289468,1.6654128593844955,95.42112798954602,3381.4525941377324,3323.460700363548,-623.5628432963558,336.23747140995107,260.9445145756108,264.8884705734242,5751.295867046026,5127.73302374967,True,hit,True,6.11666666666665,68,98,30,False
blue,blue_0,red_1,m0,64,757,3608.737255917581,0.4351544191489638,24.932511653702438,1.5922545402990291,91.22946506967743,3676.0347929108552,3608.737255917581,-700.1765609070344,334.527010197129,250.65734183469596,286.09780923364553,5756.914948081445,5056.7383871744105,True,hit,True,5.7666666666666515,64,92,28,False
blue,blue_0,red_0,m1,71,844,3241.3704706069634,0.5337501514854451,30.581630994584355,1.5827874226085261,90.68703918185797,3275.9211743797305,3241.3704706069634,-474.5282004545825,338.9551668681278,255.6861843713712,275.631140721621,5619.901607342493,5145.37340688791,True,hit,True,5.266666666666653,71,97,26,False
blue,blue_0,red_1,m1,149,1787,4471.29869150422,0.7427006241939534,42.55361120804537,2.4868795949767115,142.48770494936915,4821.455932681822,4471.29869150422,-1803.8639976853547,288.181510478673,233.86518558774625,-57.86245059570838,6232.033164479805,4428.169166794451,True,hit,True,10.200000000000086,149,200,51,False
blue,blue_0,red_0,m0,57,674,4250.708785699993,0.2921062079020623,16.73645288235915,1.634009367893573,93.62184046514118,4318.775036066455,4250.708785699993,-763.735969641145,329.0991445554307,258.2292970826626,283.0133267695185,5864.834724452332,5101.098754811187,True,hit,True,7.1666666666666465,57,92,35,False
blue,blue_0,red_1,m1,75,893,2295.6881019132925,0.7592622849213256,43.502524469451366,1.6877352385947484,96.7001061069841,2392.123615838077,2295.6881019132925,-672.3626493076335,341.5795921889491,263.56484052990237,193.53983567403708,5555.08662563872,4882.723976331086,True,hit,True,4.9166666666666545,75,99,24,False
blue,blue_0,red_1,m0,65,777,3858.1197177565105,0.4883649570702264,27.981250902211606,1.5978964131387794,91.5527205719446,3936.8643124723867,3858.1197177565105,-783.4620975370162,334.3176157767734,262.5117106668703,268.4155111382771,5728.492093583501,4945.0299960464845,True,hit,True,6.816666666666648,65,99,34,False
blue,blue_0,red_0,m1,73,865,2979.3478923061803,0.5493228424925874,31.473880464954938,1.6425316828749823,94.11013314525704,3071.1926520591824,2979.3478923061803,-745.4598866961505,339.8024071190868,258.5866516387178,253.9730290701065,5579.943284139219,4834.4833974430685,True,kill_cooldown_blocked,False,5.749999999999985,73,101,28,True
blue,blue_0,red_0,m0,65,777,3373.390811593125,0.41479035647599705,23.765736808801545,1.597494113283439,91.52967048813488,3442.7227297000572,3373.390811593125,-687.4403434862497,333.5309178395499,258.8189878326704,275.8486962465959,5797.261217115233,5109.8208736289835,True,hit,True,5.416666666666653,65,92,27,False
blue,blue_0,red_0,m0,67,797,3372.8120266151477,0.45315499719773134,25.963868804692652,1.628823166324803,93.32469300354653,3425.5164256260077,3372.8120266151477,-598.5831732965789,337.4034206128125,251.21564862657803,274.66091748790654,5708.8054619902905,5110.222288693712,True,hit,True,5.549999999999986,67,95,28,False
blue,blue_0,red_1,m1,71,847,2922.4348998816986,0.6238265322768558,35.74262744774546,1.6460159354449206,94.30976611227211,3077.6976856915694,2922.4348998816986,-965.1928825186651,336.8844888081864,264.49173835193096,221.62393915578573,5705.83186950572,4740.6389869870545,True,hit,True,5.933333333333318,71,101,30,False
blue,blue_0,red_1,m1,73,867,3311.9828230660232,0.7525121489530074,43.11577016732728,1.6035435303347767,91.876276553691,3343.5561457429,3311.9828230660232,-458.40754733177255,340.57739307202627,261.55910059936167,226.4131469561094,5595.485518331626,5137.077970999853,True,hit,True,6.083333333333317,73,103,30,False
blue,blue_0,red_0,m0,72,854,2431.245295626276,0.4034007514912012,23.11316051285158,1.6252430222335936,93.11956585707154,2537.575343701791,2431.245295626276,-726.8665196983329,336.2206214387813,258.59338930740387,250.4476553015277,5708.056300835246,4981.189781136913,True,hit,True,4.516666666666656,72,94,22,False
blue,blue_0,red_1,m1,74,884,3138.487762929826,0.6660085478954131,38.15947891404372,1.6728161561627295,95.84530564942163,3280.879522523112,3138.487762929826,-956.0674679389613,338.8880658248166,258.12666860871167,205.686961372655,5663.460740945391,4707.39327300643,True,hit,True,6.333333333333316,74,106,32,False
blue,blue_0,red_0,m2,147,1763,4190.580478653399,0.7459118034104372,42.737598224410014,2.830133157369467,162.15468537730447,4721.680246676641,4190.580478653399,-2175.614764563211,294.80874489872,248.19062057281926,-118.13499289814665,6309.5010505552855,4133.886285992075,True,hit,True,11.616666666666823,147,205,58,False
blue,blue_0,red_1,m0,53,626,4873.611495152967,0.46057309836771887,26.388894693733995,1.6259550677192005,93.16036305821815,4880.916746818366,4873.611495152967,-266.9443456693534,328.9994124515336,256.9251336998156,275.4471595789321,5894.902769998388,5627.958424329035,True,hit,True,7.483333333333312,53,90,37,False
blue,blue_1,red_0,m1,79,938,2029.6908645982287,0.7229377050662626,41.42127935117032,1.6708610704177733,95.73328748764946,2090.4864666425774,2029.6908645982287,-500.4884228254059,338.7093012605825,248.61797205907686,209.37374151670292,5617.5634308669505,5117.075008041545,True,hit,True,3.9166666666666576,79,98,19,False
blue,blue_0,red_1,m0,62,737,4027.3590823880863,0.5602972854138725,32.10266972685179,1.600647934781249,91.71037114929702,4164.147663866489,4027.3590823880863,-1058.5388929987084,334.00888302694244,269.2548315019513,234.77286320816899,5770.201637194491,4711.662744195783,True,hit,True,7.516666666666645,62,99,37,False
blue,blue_0,red_0,m1,66,787,3490.929750305399,0.4480483402119312,25.671278911985304,1.6470309413710642,94.36792166802091,3580.0607010364074,3490.929750305399,-793.8791479425436,336.953075363757,267.0904754577663,258.1392622280145,5721.751858708202,4927.872710765659,True,hit,True,6.599999999999982,66,99,33,False
blue,blue_0,red_0,m0,59,707,4385.005772919628,0.3087087849891808,17.687710478491642,1.60926872217928,92.20430588328377,4456.352588143088,4385.005772919628,-794.2309244238359,331.42270761083034,253.97526179132643,295.63988587949757,5827.523426845966,5033.29250242213,True,miss,False,6.849999999999981,59,94,35,True
blue,blue_0,red_1,m1,68,815,3477.020452149928,0.5213118464438382,29.868968611403982,1.6320496045052864,93.50955429414809,3569.9623941855625,3477.020452149928,-809.296157923799,337.91108222008984,261.6920447291207,252.46653057580096,5670.437522644377,4861.141364720578,True,miss,False,6.483333333333316,68,101,33,True
blue,blue_0,red_0,m1,67,798,3333.0570151852494,0.5367913826792224,30.755880706511327,1.5765372489266636,90.3289306086635,3418.1671619139215,3333.0570151852494,-758.0222162384625,338.59906102389067,265.1575006050691,260.7320683408053,5708.861256139486,4950.839039901023,True,hit,True,5.866666666666651,67,96,29,False
blue,blue_0,red_1,m0,64,768,3638.062086835549,0.5055316416060688,28.96482947434787,1.608629449014379,92.16767822897897,3867.4278735411112,3638.062086835549,-1312.060444252662,337.0172223506081,276.19535788974383,221.35823442412612,5753.380792974656,4441.320348721994,True,hit,True,7.183333333333313,64,100,36,False
blue,blue_0,red_1,m0,66,792,3724.119750943527,0.5973177962706193,34.22378875436163,1.5790795605364651,90.47459433411224,3764.6326940215945,3724.119750943527,-550.8097689117458,335.9007871524102,258.519682365201,262.3119938711051,5779.799038408685,5228.989269496939,True,miss,False,6.11666666666665,66,97,31,True
blue,blue_0,red_0,m1,71,850,2624.740401293377,0.3833276352826903,21.96305567242826,1.6912899699982444,96.90377721370703,2811.5337110591804,2624.740401293377,-1007.700170805032,339.09974663626326,261.25562726928155,232.5574476788688,5687.250907940897,4679.550737135865,True,hit,True,5.349999999999986,71,98,27,False
blue,blue_0,red_1,m0,62,744,3532.6089853650087,0.42540301759498866,24.37379750032235,1.6581602390617813,95.0055834546437,3572.205940651529,3532.6089853650087,-530.404599286695,334.8593593877983,245.36580888428458,266.7469966035565,5748.53962217857,5218.135022891875,True,hit,True,5.866666666666651,62,92,30,False
blue,blue_1,red_0,m2,148,1765,4243.060464856826,0.7508270655013531,43.019221997420146,2.942398947888024,168.58704135771762,4360.002338736329,4243.060464856826,-1003.0245686697981,291.1760441669813,238.67680751877649,-72.12386219560611,6382.286703228121,5379.262134558323,True,hit,True,10.516666666666769,148,200,52,False
blue,blue_0,red_0,m1,66,787,3772.4544542321396,0.5290019772253164,30.309580649086325,1.5931554560296228,91.2810837387374,3827.593288366707,3772.4544542321396,-647.3467169098412,337.38619653827914,265.60569333874855,266.4387890218564,5684.887749882466,5037.541032972625,True,hit,True,6.466666666666649,66,98,32,False
blue,blue_1,red_1,m3,150,1795,4977.478972676025,0.7006665416587695,40.145235683074766,2.9641080274901075,169.83087999603055,5363.06337773575,4977.478972676025,-1996.7853841057686,288.88815481613614,252.55781680836404,-106.80719442152089,6441.999038826145,4445.213654720376,True,miss,False,11.90000000000017,150,209,59,True
blue,blue_0,red_1,m4,211,2523,6199.006353211777,0.17895724304772886,10.253494739931757,2.88297662632116,165.1823931230671,6415.248721725941,6199.006353211777,-1651.586023931648,284.724999378253,233.73672208572182,104.91122290908726,6729.840606142053,5078.254582210405,True,hit,True,9.900000000000071,211,260,49,False
blue,blue_0,red_1,m2,154,1844,4833.215377431387,0.7417853566551639,42.5011702409474,2.4133501567095514,138.27477846669314,5025.8422707828095,4833.215377431387,-1378.0855003039824,283.4858164169494,228.0644141143589,-23.269442237876724,6296.76931567912,4918.683815375138,True,hit,True,9.966666666666741,154,204,50,False
blue,blue_0,red_0,m0,150,1793,3817.2598882373245,0.7417005072893096,42.49630873038959,2.578280589436342,147.72459617520457,5164.149891622336,3817.2598882373245,-3478.070017811223,285.1295465176509,243.36363773287997,-130.32768504895992,6456.316652854819,2978.246635043596,True,hit,True,11.066666666666796,150,205,55,False
blue,blue_0,red_1,m1,152,1823,4253.266383295135,0.6539324741316159,37.46757085428948,2.7124048763150155,155.40935174355445,5033.208819745052,4253.266383295135,-2691.2666341131835,282.85201087828347,246.42996065680825,-117.00114078239676,6514.880503186878,3823.6138690736943,True,hit,True,12.450000000000198,152,215,63,False
blue,blue_0,red_1,m0,61,732,4198.4082862745245,0.48984825796612824,28.066237783294756,1.6189627523121461,92.75973289636964,4229.93437407527,4198.4082862745245,-515.4732492816265,333.97738146094315,253.68347342788246,268.34062361964,5828.73561893846,5313.2623696568335,True,hit,True,6.766666666666648,61,95,34,False
blue,blue_0,red_0,m1,73,870,2602.7194818387948,0.4963047393941274,28.436166919623705,1.6146868795305043,92.51474343224669,2738.156684667017,2602.7194818387948,-850.5018099001718,337.7286876029885,252.34703058588872,248.80253988788294,5642.047496982154,4791.545687081983,True,kill_cooldown_blocked,False,4.716666666666655,73,96,23,True
blue,blue_0,red_0,m0,65,769,3608.5122555602447,0.464876922099082,26.63548562930935,1.6465144897591524,94.33833117033564,3654.3211481916615,3608.5122555602447,-576.8035675967476,334.2680142188642,268.1640070763689,261.4962084297645,5773.395928886901,5196.592361290153,True,hit,True,6.483333333333316,65,97,32,False
blue,blue_0,red_1,m1,74,885,2598.0321698227,0.6627574216698774,37.97320310265622,1.615339229465716,92.55212033029996,2771.521000295898,2598.0321698227,-965.1722642344876,340.95920091997954,258.86935461100103,212.41313917891765,5599.210409987658,4634.03814575317,True,hit,True,5.149999999999987,74,100,26,False
blue,blue_0,red_1,m0,60,711,4143.395139261184,0.429584608548214,24.61338501359225,1.6233654072275054,93.01198644167225,4166.369833500836,4143.395139261184,-436.9374205221793,332.62114728222303,252.29972967801828,279.8676021184783,5815.859616630576,5378.922196108397,True,hit,True,6.049999999999984,60,90,30,False
blue,blue_0,red_0,m1,66,781,3126.729693324039,0.3902922708260865,22.362099894911662,1.6323794274630863,93.52845175761655,3165.7634013294214,3126.729693324039,-495.59997788799956,335.6668397956363,267.4682765994784,277.33370389576856,5719.277085146578,5223.677107258579,True,miss,False,5.18333333333332,66,91,25,True
blue,blue_0,red_1,m0,60,712,4437.308311107161,0.45367144802682413,25.993459257525704,1.623316321645211,93.00917404497183,4458.3280445297005,4437.308311107161,-432.41635586473603,333.79177726720593,251.5966858201018,274.9179985197635,5732.477573106065,5300.061217241329,True,hit,True,6.866666666666648,60,94,34,False
blue,blue_0,red_0,m2,161,1923,4630.196310129886,0.7390326242053146,42.34345028944233,2.7119398075748875,155.38270526756165,4817.425230058117,4630.196310129886,-1329.9879611711121,283.30363120654823,241.72239173617044,-68.02709327296326,6100.470155029116,4770.4821938580035,True,hit,True,11.983333333333508,161,221,60,False
blue,blue_0,red_0,m0,68,810,3288.2460067897755,0.4952611632101385,28.376374408680775,1.6124991083283018,92.38939337582023,3347.317775686325,3288.2460067897755,-626.0786613970658,336.92944842465954,261.7096103389698,269.24377246360916,5699.576609922413,5073.497948525347,True,hit,True,5.516666666666652,68,95,27,False
blue,blue_0,red_1,m1,70,840,2975.87081340073,0.6304280554189303,36.120866862144275,1.6323744559925357,93.52816691333604,3068.5839512844473,2975.87081340073,-748.5989367011862,338.46861859438417,251.81414002265623,237.21377162986596,5654.197277915739,4905.598341214552,True,hit,True,5.466666666666653,70,98,28,False
blue,blue_0,red_0,m2,143,1715,4200.498961800118,0.7378153856882905,42.27370765975609,2.5698565363728054,147.2419334882697,4842.537427554592,4200.498961800118,-2409.5595467186895,291.4486986690557,246.17292313862004,-89.32803655865686,6370.779938545023,3961.220391826333,True,hit,True,11.050000000000129,143,199,56,False
blue,blue_1,red_0,m1,170,2036,5015.857963044203,0.7328029470400437,41.98651608014328,2.0081347765423674,115.05764738932432,6075.5121962595795,5015.857963044203,-3428.2673964358382,284.75798209888745,239.54290699905582,-39.92086266406979,6422.863491440986,2994.5960950051476,True,hit,True,11.950000000000173,170,230,60,False
blue,blue_0,red_1,m0,74,879,2820.1339138235458,0.7201995913875218,41.26439699355143,1.6146194471913873,92.51087984381259,2884.2568643113023,2820.1339138235458,-604.7994439722597,339.12543831549357,254.68220833916092,226.81360237202443,5590.6070417447345,4985.807597772475,True,hit,True,5.116666666666654,74,99,25,False
blue,blue_0,red_0,m1,76,909,2436.7597269278253,0.7088152486112782,40.61212219994243,1.6723487571659392,95.81852565955691,2564.0351441640782,2436.7597269278253,-797.7958722199146,340.5090805819492,270.56157132848597,215.95794734392814,5541.11571031259,4743.319838092675,True,kill_cooldown_blocked,False,4.716666666666655,76,100,24,True
blue,blue_0,red_0,m0,67,799,3238.244814496126,0.4269287649606666,24.4612163849789,1.6501493841054535,94.54659527535466,3323.5920926222666,3238.244814496126,-748.3548085836073,337.1187739591442,260.6376063676608,263.6818969237759,5728.808666307672,4980.453857724065,True,hit,True,5.8499999999999845,67,96,29,False
blue,blue_0,red_1,m1,74,882,2618.812397136478,0.694341462463591,39.78283534010503,1.6055212301689692,91.98959040733395,2656.290137502678,2618.812397136478,-444.6334706230409,341.6670392747707,255.71518662850693,236.0955550440046,5599.022201123834,5154.388730500793,True,hit,True,4.949999999999988,74,99,25,False
blue,blue_0,red_0,m1,75,894,2476.934385918206,0.7378233108968724,42.27416174075959,1.6530391369657345,94.71216591808461,2552.34787835328,2476.934385918206,-615.8536676764152,341.8114555079007,254.78899899572403,220.1377841261379,5531.922799137138,4916.069131460723,True,hit,True,4.783333333333322,75,99,24,False
blue,blue_0,red_1,m0,66,781,3529.91243864463,0.6032570180777804,34.56408109750402,1.6020143087462464,91.78865861072792,3670.5162530678663,3529.91243864463,-1006.1847442379994,335.85687315935087,269.85387056851937,229.33290110022006,5713.40273362906,4707.217989391061,True,kill_cooldown_blocked,False,6.916666666666647,66,100,34,True
blue,blue_0,red_1,m0,71,851,3020.186722328927,0.6816944261619452,39.05821353667199,1.6164621276864553,92.61645765917106,3139.8241211456216,3020.186722328927,-858.4682137364953,332.7228525444937,266.29641661986295,214.57310491946325,5850.4647430782015,4991.996529341706,True,hit,True,6.1499999999999835,71,102,31,False
blue,blue_0,red_0,m2,148,1775,4400.159728805089,0.742389114129127,42.53576299605497,2.7019109249174393,154.80809261805794,4781.2006278378285,4400.159728805089,-1870.4207560436143,286.4052478720947,256.50538146452845,-105.08119685117485,6227.842314885287,4357.421558841673,True,hit,True,11.050000000000129,148,204,56,False
blue,blue_0,red_0,m0,75,899,2576.769899342805,0.6793623701453675,38.924596569334,1.666526141292202,95.48491434426587,2766.2557821025916,2576.769899342805,-1006.1947812709486,339.8747346496279,265.5636208338282,216.99877947980056,5582.942549967124,4576.747768696176,True,hit,True,5.18333333333332,75,101,26,False
blue,blue_0,red_1,m2,148,1771,5246.478629491444,0.7423150823566282,42.53152128794092,2.9807543102860983,170.78464174482207,5622.739533848899,5246.478629491444,-2022.291239113919,292.47894342402293,240.7238365753022,-85.16047941557227,6265.387946862223,4243.096707748304,True,hit,True,12.883333333333553,148,212,64,False
blue,blue_0,red_1,m0,60,712,3883.102453088401,0.4636448475365208,26.564892956829166,1.575678872020883,90.27974923473077,3916.217520233554,3883.102453088401,-508.2076392608524,330.66904404240853,249.14869618239257,279.05329518789824,5806.638851017153,5298.4312117563,True,hit,True,5.8499999999999845,60,89,29,False
blue,blue_0,red_0,m1,69,825,3596.644136080137,0.5495929790397764,31.489358149001106,1.6153173533165235,92.55086691927923,3711.602030128687,3596.644136080137,-916.5918330728018,337.27030908143905,260.17161561095287,253.60832375759497,5621.265715695817,4704.673882623015,True,hit,True,7.5499999999999785,69,107,38,False
blue,blue_1,red_0,m1,177,2121,6013.831631766131,0.729143899808184,41.776868116718695,2.2456395538257827,128.6656687418586,6809.877047764565,6013.831631766131,-3195.0359169248395,275.7484841917937,252.2947045623245,-70.59623318236886,6395.424956609795,3200.3890396849556,True,hit,True,13.816666666666933,177,246,69,False
blue,blue_0,red_1,m0,59,701,4177.282807734098,0.43987554507192916,25.20301224363816,1.591544260419376,91.18876903030024,4299.572180480666,4177.282807734098,-1018.1499297119271,330.2666748285982,269.6239523466682,254.43734152637091,5856.121285262203,4837.971355550276,True,hit,True,6.849999999999981,59,93,34,False
blue,blue_0,red_0,m1,70,832,3215.089093364989,0.5853288257958479,33.53687134545027,1.6034363892007502,91.87013781889904,3258.941052629058,3215.089093364989,-532.821645803253,337.6396596408723,248.20524063870008,253.86314477663223,5678.996951090539,5146.175305287286,True,hit,True,5.3833333333333195,70,97,27,False
blue,blue_0,red_1,m1,165,1972,5621.451115167995,0.742935069261563,42.567043920947064,2.4968888737232784,143.0611943775174,6632.721726177867,5621.451115167995,-3520.2677251437,289.30907241311724,234.07843762672164,-86.6408938105154,6313.904106814803,2793.6363816711028,True,hit,True,14.16666666666695,165,236,71,False
blue,blue_0,red_1,m0,60,716,4148.100680104768,0.45907540094612825,26.303082952489227,1.6094117267383274,92.2124994409683,4233.526334577397,4148.100680104768,-846.171361648866,332.8515362008176,262.0010364459225,262.27589724539104,5804.732533127953,4958.561171479087,True,hit,True,6.399999999999983,60,92,32,False
blue,blue_0,red_0,m1,66,792,3529.6571977164567,0.5362906251189091,30.727189411746107,1.6504853831299113,94.5658466013766,3578.5462385708624,3529.6571977164567,-589.5025429954303,336.9591308986673,264.8495573174492,252.0835506178601,5702.501516590453,5112.998973595023,True,hit,True,6.499999999999982,66,99,33,False
blue,blue_0,red_1,m0,70,834,3171.2772924752067,0.5842395799740354,33.47446215700816,1.643929125046626,94.19020068380581,3247.3390325691394,3171.2772924752067,-698.7210650024772,338.4523436674324,268.61035892856387,235.54671723100046,5660.978762314354,4962.257697311877,True,miss,False,6.11666666666665,70,100,30,True
blue,blue_0,red_0,m1,72,864,3074.760138365791,0.4963863044705206,28.4408402542567,1.6293520623024933,93.35499651086963,3210.8462287505695,3074.760138365791,-924.8695022534448,340.1251644087145,260.276601044991,251.6987498205048,5602.798784694503,4677.929282441059,True,hit,True,5.883333333333318,72,102,30,False
blue,blue_0,red_0,m0,62,737,3898.241436802226,0.41949235571798066,24.03514152064092,1.6506070478211026,94.57281747469763,3956.276639618067,3898.241436802226,-675.1581663475135,332.41424008074887,258.2517331148613,264.8246763587883,5807.178703798176,5132.020537450662,True,hit,True,6.716666666666648,62,95,33,False
blue,blue_1,red_1,m1,64,762,3743.2731710369944,0.46447520063923436,26.612468685120245,1.6652128694935886,95.40966941285178,3806.2516786045558,3743.2731710369944,-689.534486356295,332.7362180321121,263.76012719311683,248.88626877731855,5853.394595239718,5163.860108883423,True,miss,False,6.899999999999981,64,98,34,True
blue,blue_0,red_0,m0,72,857,2844.6896013245114,0.48028359124808534,27.518222747901653,1.6421994664765422,94.0910985477414,2946.673267746492,2844.6896013245114,-768.5209294274173,338.5820097061341,258.80432932429466,260.9873118160084,5639.571095998978,4871.050166571561,True,hit,True,5.499999999999986,72,99,27,False
blue,blue_1,red_1,m1,74,882,2625.5249127475136,0.6390812981876066,36.61666115189153,1.6409213473850517,94.01786771808389,2757.9518733895807,2625.5249127475136,-844.3444015774967,337.33134629605047,253.67001817880018,212.2251274811446,5700.257354054962,4855.912952477465,True,hit,True,5.416666666666653,74,101,27,False
blue,blue_0,red_1,m0,62,739,3816.9750520203997,0.3365257896667367,19.28150744521126,1.593065761225531,91.27594460501868,4075.9081567721532,3816.9750520203997,-1429.590415012508,313.96337563876386,265.8698423805237,208.9463751420579,6276.112420241894,4846.522005229386,True,hit,True,6.816666666666648,62,96,34,False
blue,blue_0,red_0,m1,77,916,2402.6556318559306,0.7251202089627756,41.546327613211375,1.5955266446007246,91.41694283629117,2797.577458573484,2402.6556318559306,-1433.068578760086,319.0150332725259,270.64271290109593,140.3114701826865,6283.0618964473615,4849.9933176872755,True,hit,True,5.8499999999999845,77,106,29,False
blue,blue_0,red_1,m2,146,1747,4816.4873999798565,0.7387090331356382,42.32490988686175,2.5113747567759948,143.89117433895814,5228.504622968308,4816.4873999798565,-2034.3819007836873,294.0138598833655,254.94691047085178,-73.8271993866769,6183.394648048726,4149.012747265038,True,hit,True,10.916666666666789,146,201,55,False
blue,blue_0,red_1,m0,61,721,3734.464440237904,0.42991534783958,24.63233497910667,1.6303239894550972,93.410683834708,3798.0128995034784,3734.464440237904,-691.86510924704,329.0000779685135,252.46767679848907,264.0203404150994,5875.644538767453,5183.779429520413,True,hit,True,6.649999999999982,61,94,33,False
blue,blue_0,red_1,m2,146,1749,4926.287240313986,0.752603130764785,43.12098304115459,3.131176381004859,179.40319154262545,5257.306150091703,4926.287240313986,-1836.0179687877917,289.69953149754207,245.97909522362687,-105.7075224246076,6064.340105225569,4228.322136437777,True,hit,True,13.266666666666906,146,212,66,False
blue,blue_0,red_1,m0,61,729,3923.5891195000922,0.4212187380643771,24.134055942915328,1.6455606730006955,94.28368149564722,4052.4094887501415,3923.5891195000922,-1013.6424842382412,330.43814701206827,262.74501765779104,239.48743581765464,5890.530883462365,4876.8883992241235,True,hit,True,7.383333333333312,61,98,37,False
blue,blue_0,red_0,m1,77,914,2569.2289759474797,0.7328594098753904,41.989751162307996,1.6064680664556839,92.04384013045254,2698.936569472771,2569.2289759474797,-826.6323700347803,342.5960176181017,268.09451966512137,212.2888489243254,5509.120188281996,4682.487818247216,True,hit,True,5.23333333333332,77,103,26,False
blue,blue_0,red_1,m0,72,864,3086.145474630086,0.6698178059797667,38.37773332535327,1.6392152831393856,93.92011743722905,3162.280431654349,3086.145474630086,-689.727219880625,339.9183891449725,264.18094645512025,219.10749132211575,5599.853677599942,4910.126457719317,True,kill_cooldown_blocked,False,6.549999999999982,72,105,33,True
blue,blue_0,red_0,m0,60,720,3987.1333318051334,0.41200214171353844,23.605983870536594,1.6248383899151722,93.09638213297139,4016.283372688105,3987.1333318051334,-483.0113085005696,332.28638651213464,250.40414492240708,277.7251119741215,5831.842841929605,5348.8315334290355,True,hit,True,6.933333333333314,60,95,35,False
blue,blue_0,red_1,m1,70,836,3283.5982830724192,0.7164437903481897,41.04920544530685,1.646829464450367,94.35637789079567,3360.5440702160336,3283.5982830724192,-715.0096245981631,338.8816246285647,257.0021763178228,215.83814995359492,5674.005410883299,4958.995786285136,True,hit,True,6.399999999999983,70,102,32,False
blue,blue_0,red_0,m0,66,783,3289.5907363182496,0.20496763971674892,11.743780692527741,1.6212343670687261,92.8898868346013,3545.0938729190493,3289.5907363182496,-1321.4701492418744,313.7476311280219,259.1793355150505,211.02516785427784,6281.761359533171,4960.291210291297,True,hit,True,6.183333333333317,66,97,31,False
blue,blue_1,red_1,m1,67,797,3630.0654403691924,0.6536285051487492,37.450154714468326,1.5952117810611968,91.39890248435368,3704.6586104006087,3630.0654403691924,-739.6758197025165,329.8423839807417,252.71026147709938,230.58599769595537,5905.324093667597,5165.64827396508,True,hit,True,7.583333333333312,67,105,38,False
blue,blue_0,red_0,m0,63,747,3734.206201340704,0.3643699591034493,20.876860837982054,1.6141204518573022,92.4822895171728,3786.4075074825196,3734.206201340704,-626.5667231736916,332.544401997444,256.4741531312276,281.82011151041314,5838.934931163625,5212.368207989934,True,hit,True,6.099999999999984,63,93,30,False
blue,blue_0,red_1,m2,149,1778,4830.419724430643,0.7521760927070297,43.096515562753744,2.961695433793849,169.69264855955507,5403.505576169059,4830.419724430643,-2421.759236076433,295.1211527096917,257.31811895135144,-131.89261915653293,6286.384352603961,3864.625116527528,True,hit,True,13.1666666666669,149,214,65,False
blue,blue_0,red_0,m0,71,841,2904.3278199552096,0.43063840038011636,24.673762838045615,1.635045214014783,93.6811900761115,3049.35651456626,2904.3278199552096,-929.2228296603071,338.0808734951876,262.2005375966065,242.83547930565697,5641.7896551355325,4712.566825475225,True,hit,True,5.3833333333333195,71,97,26,False
blue,blue_0,red_1,m1,73,871,2935.0948898767833,0.6613279125025394,37.8912982605925,1.6770097306548728,96.08557976889516,3005.4413024729856,2935.0948898767833,-646.4483042206148,339.6362461451816,256.3796849970063,227.89761948809164,5589.8977496683965,4943.449445447782,True,hit,True,5.566666666666652,73,101,28,False
blue,blue_0,red_1,m0,56,671,4338.278901283409,0.4435463186293708,25.413332076027785,1.6132924503121238,92.43484852320377,4340.454514108059,4338.278901283409,-137.4102023877531,330.79931520580914,249.89434344074024,282.67674390833844,5868.923323690355,5731.513121302602,True,hit,True,6.3166666666666496,56,88,32,False
blue,blue_0,red_0,m1,62,736,3764.548991763136,0.3786737535563067,21.696407891153424,1.5920951140076844,91.22033061603994,3829.5562359900337,3764.548991763136,-702.6178571779337,333.8860312927108,253.09104630752717,291.95507661792357,5796.178193623957,5093.560336446023,True,hit,True,5.799999999999985,62,91,29,False
blue,blue_0,red_1,m1,177,2117,5222.938292657326,0.7403201006121835,42.41721725377858,2.971663680526153,170.2637870264612,6638.774425326371,5222.938292657326,-4098.077776404599,286.5571551817373,235.4550015290489,-119.08328289929429,6675.9838422195135,2577.9060658149147,True,hit,True,14.816666666666983,177,251,74,False
blue,blue_0,red_1,m0,64,766,3502.5544157949603,0.5447267817541707,31.210545582257875,1.613717690731426,92.45921300450814,3547.8897311959317,3502.5544157949603,-565.3619275479778,335.51331969729574,265.6504410963066,255.98319440768606,5722.405569635305,5157.0436420873275,True,hit,True,6.21666666666665,64,95,31,False
blue,blue_1,red_1,m1,69,817,3232.1597651754228,0.5346725806964472,30.634482295274353,1.652380278303911,94.67441609746649,3374.985534486285,3232.1597651754228,-971.4270998756565,335.7598605888749,271.0860656363516,227.95399789119836,5760.278341769817,4788.851241894161,True,miss,False,5.666666666666652,69,97,28,True
blue,blue_0,red_0,m0,68,806,3324.7737511270307,0.5430092815146011,31.112140067217837,1.6385570931277555,93.88240592744498,3377.244985736613,3324.7737511270307,-593.0119707896201,337.5350307133776,257.2733968972466,252.68355154505113,5686.076620812194,5093.064650022574,True,hit,True,5.966666666666651,68,97,29,False
blue,blue_0,red_0,m1,71,849,3129.5537938227217,0.5667275308094217,32.471095649250195,1.649776300760321,94.52521917427194,3286.5134753987145,3129.5537938227217,-1003.5257224143015,340.8484338362255,261.6008342325413,225.38164391758266,5599.841791998821,4596.316069584519,True,hit,True,6.399999999999983,71,103,32,False
blue,blue_0,red_0,m1,70,837,2891.8422308029903,0.4401343847191669,25.217842662995537,1.587804716753,90.97450896091202,3163.7740059899784,2891.8422308029903,-1283.2437309888792,338.9038756936744,272.096698868188,245.30274691058685,5621.795954463743,4338.552223474864,True,hit,True,5.349999999999986,70,97,27,False
blue,blue_0,red_1,m0,67,803,3406.785569314636,0.6704072453721118,38.4115057148134,1.6053811271614562,91.98156309630637,3471.2703979570624,3406.785569314636,-665.9806757275555,336.73950624414306,259.65124761947027,236.59030367307395,5674.04828920783,5008.067613480274,True,miss,False,6.283333333333316,67,99,32,True
blue,blue_0,red_0,m0,61,724,3921.62966500668,0.41139553961087283,23.571228130210095,1.6027992120647023,91.83363025820127,3986.2831826766806,3921.62966500668,-715.0345327538498,333.0278500334254,256.24195715698147,275.20217167425653,5780.335848028968,5065.301315275118,True,hit,True,6.599999999999982,61,94,33,False
blue,blue_0,red_1,m1,76,904,2670.429100388102,0.7524031300452834,43.109523844027564,1.6899584376992522,96.82748603268942,2915.6759899158737,2670.429100388102,-1170.459267968049,340.59788619775765,266.3544685393463,164.9292402653534,5496.075316508377,4325.616048540328,True,hit,True,5.983333333333317,76,106,30,False
blue,blue_0,red_0,m1,76,904,2004.9135283496541,0.6606500617599836,37.85246027390424,1.6229339596435683,92.98726631603154,2160.377268976452,2004.9135283496541,-804.7059637847187,341.79469819448616,258.0482473350164,207.68023252165943,5598.142782263743,4793.436818479025,True,hit,True,4.083333333333324,76,96,20,False
blue,blue_0,red_1,m0,63,745,3884.2867259068944,0.5514799617051429,31.59747429174095,1.626456235789763,93.18907787348809,4050.7378085254554,3884.2867259068944,-1149.2577710684009,330.968041992734,267.06023979443336,228.45745781275517,5855.653711199281,4706.39594013088,True,hit,True,7.4666666666666455,63,100,37,False
blue,blue_0,red_1,m2,149,1788,5002.395368662557,0.7479094827529954,42.852056819559074,2.9234976822800305,167.5040786109238,5381.6670972147385,5002.395368662557,-1984.5355428480261,289.05981323875017,243.1097637603447,-100.15692307075105,6433.189712094968,4448.654169246942,True,hit,True,12.683333333333543,149,213,64,False
blue,blue_0,red_0,m0,64,765,3292.8232822554855,0.2518625836277807,14.43066305913258,1.651881188968148,94.64582038492728,3414.9752009366775,3292.8232822554855,-905.1908389111732,328.71154008561643,253.17118643674542,263.62381979157885,5937.572218879365,5032.381379968192,True,hit,True,5.499999999999986,64,92,28,False
blue,blue_0,red_0,m0,72,858,2623.8123197586033,0.49675209702727474,28.461798623936012,1.6135428945609638,92.44919792166561,2778.2473208257147,2623.8123197586033,-913.382223583445,337.6919760209427,254.51800946719595,239.74728214332612,5664.690371121632,4751.308147538187,True,hit,True,5.18333333333332,72,98,26,False
blue,blue_0,red_0,m0,67,793,3492.8146144412976,0.4649412042823649,26.639168727109347,1.6541745149338276,94.7772182838085,3535.8028828891197,3492.8146144412976,-549.6799939895,333.68186247869613,250.37112095305656,259.50668467015214,5793.912464924072,5244.232470934572,True,hit,True,5.916666666666651,67,96,29,False
blue,blue_0,red_0,m0,64,757,3538.4421127184632,0.3676048264999155,21.06220508708404,1.6521496496325487,94.66120204796272,3634.8922695179185,3538.4421127184632,-831.7867671113927,332.5411959126157,260.9451183095898,265.9006627242488,5810.451216440311,4978.664449328919,True,hit,True,5.799999999999985,64,92,28,False
blue,blue_0,red_1,m1,72,856,3168.8641501020793,0.7096131248434494,40.657837140619634,1.6061804379262417,92.02736022964795,3249.7110808814778,3168.8641501020793,-720.3624833385547,335.8985919896671,262.15270051049845,212.02524950411342,5679.8804633813415,4959.517980042787,True,miss,False,5.649999999999985,72,100,28,True
blue,blue_0,red_0,m0,54,637,4647.303266073921,0.2753401173704592,15.775826655964039,1.6080672291894131,92.13546540584983,4696.845177090074,4647.303266073921,-680.3873681168398,327.1874615108345,264.16544002783394,285.47354223420945,5932.114122964691,5251.726754847851,True,hit,True,7.333333333333313,54,90,36,False
blue,blue_0,red_1,m1,67,804,3148.9367356450502,0.5107322245733626,29.26280092938143,1.5875606531354542,90.96052514569395,3325.043399401999,3148.9367356450502,-1067.7598244979517,335.9928398739815,266.24407861367007,245.2785073535951,5738.536901369998,4670.777076872047,True,miss,False,5.649999999999985,67,96,29,True
blue,blue_0,red_1,m1,152,1821,3984.3149146915835,0.7486602729848724,42.89507393114527,2.8698641632078994,164.4311043276563,4677.016296108481,3984.3149146915835,-2449.4317901567483,292.67927293525366,240.0815398595266,-121.5279669489141,6211.700514731427,3762.2687245746783,True,hit,True,10.283333333333424,152,204,52,False
blue,blue_0,red_0,m0,64,765,3464.4595279490627,0.4006524949001539,22.955697009165558,1.6330784043852984,93.56850018523635,3558.5741479671647,3464.4595279490627,-813.0007046634018,334.925824072621,257.7405387899882,271.0759173995305,5732.689724498362,4919.68901983496,True,hit,True,6.199999999999983,64,95,31,False
blue,blue_0,red_1,m1,73,876,2761.713250257529,0.707148218925618,40.516608434631074,1.6755997928244426,96.00479628183568,2920.981117740033,2761.713250257529,-951.3519924537959,341.1181089257126,259.94639045195873,190.85365439581395,5566.241403238583,4614.889410784787,True,hit,True,5.999999999999984,73,103,30,False
blue,blue_1,red_1,m2,168,2010,5149.178571210566,0.7377513861933425,42.2700407588046,2.3051782195767188,132.07698300722734,6302.699494363895,5149.178571210566,-3634.5537495049944,285.38937971400685,240.97148052803837,-85.90137322064624,6490.37479366644,2855.821044161446,True,hit,True,13.250000000000238,168,234,66,False
blue,blue_0,red_1,m0,60,714,4075.6658091568243,0.3586535585247011,20.54933521081364,1.5981888863148197,91.5694780505525,4129.238446479054,4075.6658091568243,-662.9919757816069,329.6774622849665,255.14407755100336,284.90651958672197,5887.837965039694,5224.845989258087,True,hit,True,6.333333333333316,60,92,32,False
blue,blue_0,red_1,m2,148,1768,4493.603530654746,0.7402816486346864,42.41501411775407,2.5686175910869435,147.17094715234217,4907.655030814653,4493.603530654746,-1972.9686289365018,291.38226755946135,226.47087817117486,-47.156462129779925,6184.135705379516,4211.167076443015,True,hit,True,10.816666666666784,148,202,54,False
blue,blue_0,red_0,m1,70,833,3072.719895644445,0.3618197641556862,20.730745430539642,1.6562045052792747,94.89352816305491,3253.4477901544683,3072.719895644445,-1069.259073457777,336.3214280715339,258.8757896091906,251.6356157419209,5745.222115804282,4675.963042346505,True,hit,True,5.933333333333318,70,99,29,False
blue,blue_0,red_0,m0,61,732,3674.5359517982806,0.34745083602438315,19.907466492489178,1.639504776525395,93.93670418644433,3731.0074901554394,3674.5359517982806,-646.6857277982053,332.7644777035006,251.78307458064901,276.3171931113453,5847.502558620973,5200.816830822768,True,hit,True,6.833333333333314,61,96,35,False
blue,blue_0,red_0,m1,75,895,2440.2851758797756,0.5412221202837972,31.009743271383368,1.6708932405915677,95.73513070283408,2631.935828669128,2440.2851758797756,-985.9485111372014,338.8058067542507,255.82628457026814,212.00119203956902,5652.756716442527,4666.808205305326,True,hit,True,4.949999999999988,75,100,25,False
blue,blue_0,red_1,m0,73,865,3368.7665689998194,0.6601437671762836,37.8234517310679,1.5952004908655608,91.39825560379387,3598.998942592459,3368.7665689998194,-1266.5722215376518,337.3022687276728,273.60758133514776,207.0398938618175,5706.064629043807,4439.492407506155,True,hit,True,6.883333333333314,73,107,34,False
blue,blue_0,red_0,m0,69,817,2876.005529593466,0.5306867416625504,30.406110540813565,1.6554234746472105,94.84877840416719,2992.3206641530173,2876.005529593466,-826.1810642135079,337.3444786590541,257.45922861146937,245.6033806200215,5682.384954990921,4856.203890777413,True,hit,True,5.166666666666654,69,94,25,False
blue,blue_0,red_1,m1,158,1892,4636.355283270131,0.7363771547449492,42.191303096737514,2.246219248867756,128.69888282116835,5564.009417146809,4636.355283270131,-3076.1031324374553,288.8228734489059,226.1061610515714,-36.80112205009369,6270.621299596307,3194.5181671588516,True,hit,True,11.050000000000129,158,213,55,False
blue,blue_0,red_0,m0,71,852,2705.4462831481337,0.4861866267839624,27.856441770423153,1.6407764639302436,94.0095665076021,2844.707597598329,2705.4462831481337,-879.1596697037485,337.0912275402029,256.80366879349094,238.147601207146,5727.188270809616,4848.028601105868,True,hit,True,5.166666666666654,71,97,26,False
blue,blue_1,red_1,m0,164,1964,4805.183242471072,0.7339283832229047,42.05099882353253,2.2198208521752463,127.18636610477542,5448.438330476936,4805.183242471072,-2568.2083730269032,284.12621457267727,233.56711851659074,-33.39926617196919,6493.154935925209,3924.946562898306,True,hit,True,10.966666666666791,164,219,55,False
blue,blue_0,red_0,m0,65,773,3472.9147400881793,0.43239454217451356,24.774382351091106,1.6386370257970921,93.88698573204319,3523.9400991625503,3472.9147400881793,-597.5090213243793,333.75415596429787,261.44385138736936,265.4497648400929,5822.289445193836,5224.780423869457,True,hit,True,6.599999999999982,65,98,33,False
blue,blue_0,red_1,m1,76,908,2282.5496938098836,0.7761522653105687,44.47024906181372,1.6601411699962219,95.11908243669404,2405.089469538919,2282.5496938098836,-757.9064927650406,340.993379037216,255.27315070451374,191.8420334049641,5638.294598189483,4880.388105424442,True,kill_cooldown_blocked,False,4.8333333333333215,76,100,24,True
blue,blue_0,red_1,m1,165,1979,5647.916402434329,0.7378995837529724,42.27853185350553,2.9199334581897225,167.29986361331032,6917.856814782058,5647.916402434329,-3994.7194170479384,278.9853274749643,267.79383505384607,-165.3413349002991,6666.148858793326,2671.429441745388,True,hit,True,17.000000000000316,165,250,85,False
blue,blue_0,red_1,m1,162,1939,4720.242723924549,0.7293541364218951,41.788913787383464,2.1831240572808484,125.0837946356692,5740.376322074331,4720.242723924549,-3266.684702610428,279.7843143805729,233.15135707136974,-48.201987624395265,6518.45173151101,3251.767028900582,True,hit,True,11.750000000000163,162,221,59,False
blue,blue_0,red_0,m0,60,714,3812.1337424710805,0.31310873242888737,17.93980889686622,1.6200630862611538,92.82277738770274,3890.4594631870978,3812.1337424710805,-776.7310758656904,330.81163037114635,258.67290222427505,276.9824630365751,5890.339648485044,5113.608572619353,True,hit,True,6.499999999999982,60,92,32,False
blue,blue_0,red_1,m1,73,874,2667.663208648705,0.6811253427949854,39.025607461554095,1.6238667119952408,93.04070908911326,2770.25907891753,2667.663208648705,-746.9326405688125,338.83211214168864,257.9100651532497,224.0055729238625,5685.867625858919,4938.934985290107,True,hit,True,5.266666666666653,73,100,27,False
blue,blue_0,red_0,m1,67,801,3084.417864850307,0.3887983742752102,22.276505927517302,1.6262517064195536,93.17735920378863,3264.7417562264723,3084.417864850307,-1070.0024158108172,336.5731711667024,264.61857102457986,240.63671753293582,5745.858593809946,4675.856177999129,True,hit,True,5.349999999999986,67,94,27,False
blue,blue_0,red_1,m0,63,753,3809.428864971636,0.5659904829388962,32.428865916969976,1.6469753491254702,94.36473646697472,3839.293097367539,3809.428864971636,-477.93640812868034,334.0138862496251,248.488367369928,251.92375595535393,5805.82253647193,5327.88612834325,True,multi_kill_blocked,False,6.21666666666665,63,94,31,True
blue,blue_1,red_1,m2,163,1946,5086.064339572895,0.7364353509966112,42.19463749634122,2.340379489825792,134.09386722599868,5598.278837823557,5086.064339572895,-2339.375019048467,283.9539109008017,228.62084579535414,-37.37570948595351,6442.513760594694,4103.138741546227,True,miss,False,11.066666666666796,163,218,55,True
blue,blue_0,red_1,m1,71,850,2711.270623652151,0.6176200178771204,35.387020367153454,1.6281594888956035,93.2866670878953,2816.9947005319905,2711.270623652151,-764.5068659902263,338.88704472478673,266.177887409359,232.48782875612966,5653.183026679715,4888.676160689489,True,hit,True,4.766666666666655,71,95,24,False
blue,blue_0,red_0,m0,67,800,3640.9945207886612,0.4315461088543214,24.72577070264582,1.5933026007863342,91.28951451227444,3739.8568449813088,3640.9945207886612,-854.217841385027,335.799324397683,253.97800950141706,264.023418841812,5733.5516517010865,4879.3338103160595,True,multi_kill_blocked,False,5.666666666666652,67,95,28,True
blue,blue_0,red_1,m0,61,725,4048.3671172551362,0.4554875968375788,26.097516919349648,1.651865052464815,94.6448958313902,4132.373958853854,4048.3671172551362,-828.9983231230372,328.3213190398463,256.4573039687887,252.08460037754296,5872.241303899515,5043.242980776477,True,hit,True,7.04999999999998,61,96,35,False
blue,blue_0,red_0,m1,66,785,3468.187854566317,0.3539222061190716,20.278248686582003,1.6087371119495903,92.17384686077656,3535.5045876918457,3468.187854566317,-686.633595907434,332.59071619929057,259.68441819891143,275.6223915600043,5799.520074227874,5112.88647832044,True,kill_cooldown_blocked,False,6.333333333333316,66,97,31,True
