Iteration,Step,ActorLoss,CriticLoss,Entropy,RedMeanReward,RedWinRate,RedRewardStd,WinRateRecent,RedMissiles,BlueMissiles,Episodes,RedWins,BlueWins,Draws,RedAliveMean,BlueAliveMean,RedDeathsMissile,RedDeathsCrash,BlueDeathsMissile,BlueDeathsCrash,RedMissileHits,BlueMissileHits,RedMissileHitRate,BlueMissileHitRate,KD_Red,RWR,RewardVersion
1,100,-0.042138,1.471069,0.215210,0.0000,0.000000,0.0000,0.000000,0.0,0.0,0,0,0,0,0.0000,0.0000,0,0,0,0,0,0,0.000000,0.000000,0.000000,0.000000,fixed_ta_v1
2,200,-0.028020,0.078441,0.215683,0.0000,0.000000,0.0000,0.000000,0.0,0.0,0,0,0,0,0.0000,0.0000,0,0,0,0,0,0,0.000000,0.000000,0.000000,0.000000,fixed_ta_v1
3,300,-0.032642,0.062791,0.216283,0.0000,0.000000,0.0000,0.000000,0.0,0.0,0,0,0,0,0.0000,0.0000,0,0,0,0,0,0,0.000000,0.000000,0.000000,0.000000,fixed_ta_v1
4,400,-0.026110,0.001063,0.217558,0.0000,0.000000,0.0000,0.000000,0.0,0.0,0,0,0,0,0.0000,0.0000,0,0,0,0,0,0,0.000000,0.000000,0.000000,0.000000,fixed_ta_v1
5,500,-0.041405,0.000656,0.218291,0.0000,0.000000,0.0000,0.000000,0.0,0.0,0,0,0,0,0.0000,0.0000,0,0,0,0,0,0,0.000000,0.000000,0.000000,0.000000,fixed_ta_v1
6,600,-0.035534,34.455213,0.218105,-41.6660,0.000000,1.0261,0.000000,0.0,2.0,2,0,0,2,1.0000,2.0000,2,0,0,0,0,2,0.000000,0.500000,0.000000,0.000000,fixed_ta_v1
7,700,-0.040355,0.404237,0.218704,-41.6660,0.000000,1.0261,0.000000,0.0,2.0,2,0,0,2,1.0000,2.0000,2,0,0,0,0,2,0.000000,0.333333,0.000000,0.000000,fixed_ta_v1
8,800,-0.040637,36.029205,0.219052,-51.1521,0.000000,13.4415,0.000000,0.0,2.0,3,0,1,2,0.6667,2.0000,4,0,0,0,0,4,0.000000,0.500000,0.000000,0.000000,fixed_ta_v1
9,900,-0.039563,0.436937,0.219593,-51.1521,0.000000,13.4415,0.000000,0.0,2.0,3,0,1,2,0.6667,2.0000,4,0,0,0,0,4,0.000000,0.400000,0.000000,0.000000,fixed_ta_v1
10,1000,-0.041598,0.105286,0.220725,-51.1521,0.000000,13.4415,0.000000,0.0,2.0,3,0,1,2,0.6667,2.0000,4,0,0,0,0,4,0.000000,0.400000,0.000000,0.000000,fixed_ta_v1
11,1100,-0.050432,0.092372,0.221210,-51.1521,0.000000,13.4415,0.000000,0.0,2.0,3,0,1,2,0.6667,2.0000,4,0,0,0,0,4,0.000000,0.400000,0.000000,0.000000,fixed_ta_v1
12,1200,-0.021150,15.920594,0.221983,-48.0538,0.000000,12.8182,0.000000,0.0,2.0,4,0,1,3,0.7500,2.0000,5,0,0,0,0,5,0.000000,0.500000,0.000000,0.000000,fixed_ta_v1
13,1300,-0.039386,0.129103,0.223689,-48.0538,0.000000,12.8182,0.000000,0.0,2.0,4,0,1,3,0.7500,2.0000,5,0,0,0,0,5,0.000000,0.500000,0.000000,0.000000,fixed_ta_v1
14,1400,-0.058339,7.709995,0.224973,-44.8319,0.000000,13.1517,0.000000,0.0,2.0,5,0,1,4,0.8000,2.0000,6,0,0,0,0,6,0.000000,0.500000,0.000000,0.000000,fixed_ta_v1
15,1500,-0.041887,0.408946,0.226968,-44.8319,0.000000,13.1517,0.000000,0.0,2.0,5,0,1,4,0.8000,2.0000,6,0,0,0,0,6,0.000000,0.461538,0.000000,0.000000,fixed_ta_v1
16,1600,-0.039144,46.160216,0.227982,-48.7020,0.000000,14.7997,0.000000,0.0,2.0,6,0,2,4,0.6667,2.0000,8,0,0,0,0,8,0.000000,0.571429,0.000000,0.000000,fixed_ta_v1
17,1700,-0.035438,0.143234,0.228442,-48.7020,0.000000,14.7997,0.000000,0.0,2.0,6,0,2,4,0.6667,2.0000,8,0,0,0,0,8,0.000000,0.500000,0.000000,0.000000,fixed_ta_v1
18,1800,-0.058188,51.666057,0.227067,-50.1029,0.000000,15.3779,0.000000,0.0,2.0,8,0,3,5,0.6250,2.0000,11,0,0,0,0,11,0.000000,0.687500,0.000000,0.000000,fixed_ta_v1
19,1900,-0.043443,0.133534,0.226609,-50.1029,0.000000,15.3779,0.000000,0.0,2.0,8,0,3,5,0.6250,2.0000,11,0,0,0,0,11,0.000000,0.611111,0.000000,0.000000,fixed_ta_v1
20,2000,-0.044382,30.066552,0.228775,-52.2512,0.000000,15.7202,0.000000,0.0,2.0,9,0,4,5,0.5556,2.0000,13,0,0,0,0,13,0.000000,0.684211,0.000000,0.000000,fixed_ta_v1
21,2100,-0.042735,0.208904,0.230766,-52.2512,0.000000,15.7202,0.000000,0.0,2.0,9,0,4,5,0.5556,2.0000,13,0,0,0,0,13,0.000000,0.619048,0.000000,0.000000,fixed_ta_v1
22,2200,-0.063365,0.457407,0.232128,-52.2512,0.000000,15.7202,0.000000,0.0,2.0,9,0,4,5,0.5556,2.0000,13,0,0,0,0,13,0.000000,0.619048,0.000000,0.000000,fixed_ta_v1
23,2300,-0.047270,0.075821,0.232778,-52.2512,0.000000,15.7202,0.000000,0.0,2.0,9,0,4,5,0.5556,2.0000,13,0,0,0,0,13,0.000000,0.619048,0.000000,0.000000,fixed_ta_v1
24,2400,-0.044474,0.407498,0.233961,-47.9595,0.000000,19.7023,0.000000,0.0,1.9,10,0,4,6,0.7000,2.0000,13,0,0,0,0,13,0.000000,0.619048,0.000000,0.000000,fixed_ta_v1
25,2500,-0.052503,51.005841,0.236041,-50.8806,0.000000,20.9337,0.000000,0.0,1.9,11,0,5,6,0.6364,2.0000,14,1,0,0,0,14,0.000000,0.636364,0.000000,0.000000,fixed_ta_v1
26,2600,-0.051498,33.972542,0.235213,-52.5359,0.000000,20.7808,0.000000,0.0,1.9,12,0,6,6,0.5833,2.0000,16,1,0,0,0,16,0.000000,0.640000,0.000000,0.000000,fixed_ta_v1
27,2700,-0.050423,27.845287,0.234398,-54.0472,0.000000,20.6405,0.000000,0.0,1.9,13,0,7,6,0.5385,2.0000,18,1,0,0,0,18,0.000000,0.720000,0.000000,0.000000,fixed_ta_v1
28,2800,-0.040398,29.954635,0.235480,-55.0419,0.000000,20.2104,0.000000,0.0,1.9,14,0,8,6,0.5000,2.0000,20,1,0,0,0,20,0.000000,0.689655,0.000000,0.000000,fixed_ta_v1
29,2900,-0.054420,0.820153,0.238275,-55.0419,0.000000,20.2104,0.000000,0.0,1.9,14,0,8,6,0.5000,2.0000,20,1,0,0,0,20,0.000000,0.645161,0.000000,0.000000,fixed_ta_v1
30,3000,-0.046489,0.510276,0.239437,-55.0419,0.000000,20.2104,0.000000,0.0,1.9,14,0,8,6,0.5000,2.0000,20,1,0,0,0,20,0.000000,0.645161,0.000000,0.000000,fixed_ta_v1
31,3100,-0.024861,0.151816,0.239770,-55.0419,0.000000,20.2104,0.000000,0.0,1.9,14,0,8,6,0.5000,2.0000,20,1,0,0,0,20,0.000000,0.645161,0.000000,0.000000,fixed_ta_v1
32,3200,-0.044475,0.114149,0.240044,-55.0419,0.000000,20.2104,0.000000,0.0,1.9,14,0,8,6,0.5000,2.0000,20,1,0,0,0,20,0.000000,0.645161,0.000000,0.000000,fixed_ta_v1
33,3300,-0.063100,56.082675,0.242833,-55.5193,0.000000,20.2795,0.000000,0.0,1.9,16,0,9,7,0.5000,2.0000,22,2,0,0,0,22,0.000000,0.709677,0.000000,0.000000,fixed_ta_v1
34,3400,-0.040018,0.188257,0.245191,-55.5193,0.000000,20.2795,0.000000,0.0,1.9,16,0,9,7,0.5000,2.0000,22,2,0,0,0,22,0.000000,0.687500,0.000000,0.000000,fixed_ta_v1
35,3500,-0.056764,33.311174,0.245677,-56.1531,0.000000,19.8366,0.000000,0.0,1.9,17,0,10,7,0.4706,2.0000,24,2,0,0,0,24,0.000000,0.705882,0.000000,0.000000,fixed_ta_v1
36,3600,-0.048985,0.137107,0.249179,-56.1531,0.000000,19.8366,0.000000,0.0,1.9,17,0,10,7,0.4706,2.0000,24,2,0,0,0,24,0.000000,0.666667,0.000000,0.000000,fixed_ta_v1
37,3700,-0.036803,49.718961,0.248717,-57.5762,0.000000,20.1510,0.000000,0.0,1.9,18,0,11,7,0.4444,2.0000,25,3,0,0,0,25,0.000000,0.694444,0.000000,0.000000,fixed_ta_v1
38,3800,-0.047816,0.169670,0.244736,-57.5762,0.000000,20.1510,0.000000,0.0,1.9,18,0,11,7,0.4444,2.0000,25,3,0,0,0,25,0.000000,0.657895,0.000000,0.000000,fixed_ta_v1
39,3900,-0.043780,0.788418,0.242700,-57.5762,0.000000,20.1510,0.000000,0.0,1.9,18,0,11,7,0.4444,2.0000,25,3,0,0,0,25,0.000000,0.657895,0.000000,0.000000,fixed_ta_v1
40,4000,-0.033642,7.394465,0.241309,-58.7138,0.000000,20.1986,0.000000,0.0,1.9,19,0,12,7,0.4211,2.0000,26,4,0,0,0,26,0.000000,0.684211,0.000000,0.000000,fixed_ta_v1
41,4100,-0.028719,43.956248,0.240629,-59.2283,0.000000,19.8145,0.000000,0.0,1.9,20,0,13,7,0.4000,2.0000,28,4,0,0,0,28,0.000000,0.700000,0.000000,0.000000,fixed_ta_v1
42,4200,-0.044766,0.216188,0.241288,-59.2283,0.000000,19.8145,0.000000,0.0,1.9,20,0,13,7,0.4000,2.0000,28,4,0,0,0,28,0.000000,0.700000,0.000000,0.000000,fixed_ta_v1
43,4300,-0.050786,4.229194,0.241384,-58.3601,0.000000,19.7229,0.000000,0.0,1.9,21,0,13,8,0.4286,2.0000,29,4,0,0,0,29,0.000000,0.690476,0.000000,0.000000,fixed_ta_v1
44,4400,-0.049930,0.369868,0.240752,-58.3601,0.000000,19.7229,0.000000,0.0,1.9,21,0,13,8,0.4286,2.0000,29,4,0,0,0,29,0.000000,0.659091,0.000000,0.000000,fixed_ta_v1
45,4500,-0.036907,0.845301,0.241594,-58.3601,0.000000,19.7229,0.000000,0.0,1.9,21,0,13,8,0.4286,2.0000,29,4,0,0,0,29,0.000000,0.659091,0.000000,0.000000,fixed_ta_v1
46,4600,-0.054164,46.143423,0.241524,-59.3740,0.000000,19.8216,0.000000,0.0,1.9,22,0,14,8,0.4091,2.0000,30,5,0,0,0,30,0.000000,0.681818,0.000000,0.000000,fixed_ta_v1
47,4700,-0.063615,0.155191,0.241439,-59.3740,0.000000,19.8216,0.000000,0.0,1.9,22,0,14,8,0.4091,2.0000,30,5,0,0,0,30,0.000000,0.652174,0.000000,0.000000,fixed_ta_v1
48,4800,-0.052724,6.348359,0.240314,-60.3580,0.000000,19.9278,0.000000,0.0,1.9,23,0,15,8,0.3913,2.0000,31,6,0,0,0,31,0.000000,0.673913,0.000000,0.000000,fixed_ta_v1
49,4900,-0.044835,0.674706,0.241361,-60.3580,0.000000,19.9278,0.000000,0.0,1.9,23,0,15,8,0.3913,2.0000,31,6,0,0,0,31,0.000000,0.659574,0.000000,0.000000,fixed_ta_v1
50,5000,-0.049514,0.371791,0.241072,-60.3580,0.000000,19.9278,0.000000,0.0,1.9,23,0,15,8,0.3913,2.0000,31,6,0,0,0,31,0.000000,0.659574,0.000000,0.000000,fixed_ta_v1
51,5100,-0.049296,0.111657,0.241131,-60.3580,0.000000,19.9278,0.000000,0.0,1.9,23,0,15,8,0.3913,2.0000,31,6,0,0,0,31,0.000000,0.659574,0.000000,0.000000,fixed_ta_v1
52,5200,-0.057873,45.831463,0.241983,-61.0825,0.000000,19.8153,0.000000,0.0,1.9,24,0,16,8,0.3750,2.0000,32,7,0,0,0,32,0.000000,0.680851,0.000000,0.000000,fixed_ta_v1
53,5300,-0.056235,0.070516,0.241851,-61.0825,0.000000,19.8153,0.000000,0.0,1.9,24,0,16,8,0.3750,2.0000,32,7,0,0,0,32,0.000000,0.666667,0.000000,0.000000,fixed_ta_v1
54,5400,-0.060742,1.386994,0.240130,-60.2397,0.000000,19.8491,0.000000,0.0,1.9,25,0,16,9,0.4000,2.0000,33,7,0,0,0,33,0.000000,0.687500,0.000000,0.000000,fixed_ta_v1
55,5500,-0.041036,0.072027,0.239679,-60.2397,0.000000,19.8491,0.000000,0.0,1.9,25,0,16,9,0.4000,2.0000,33,7,0,0,0,33,0.000000,0.687500,0.000000,0.000000,fixed_ta_v1
56,5600,-0.057605,0.226215,0.238975,-60.2397,0.000000,19.8491,0.000000,0.0,1.9,25,0,16,9,0.4000,2.0000,33,7,0,0,0,33,0.000000,0.687500,0.000000,0.000000,fixed_ta_v1
57,5700,-0.060572,3.580483,0.238832,-60.2397,0.000000,19.8491,0.000000,0.0,1.9,25,0,16,9,0.4000,2.0000,33,7,0,0,0,33,0.000000,0.687500,0.000000,0.000000,fixed_ta_v1
58,5800,-0.048385,4.107498,0.238966,-59.1825,0.000000,20.1687,0.000000,0.0,1.8,26,0,16,10,0.4231,2.0000,34,7,0,0,0,34,0.000000,0.708333,0.000000,0.000000,fixed_ta_v1
59,5900,-0.045486,33.601647,0.240647,-60.1934,0.000000,20.4519,0.000000,0.0,1.8,27,0,17,10,0.4074,2.0000,34,9,0,0,0,34,0.000000,0.693878,0.000000,0.000000,fixed_ta_v1
60,6000,-0.047512,0.309192,0.242497,-60.1934,0.000000,20.4519,0.000000,0.0,1.8,27,0,17,10,0.4074,2.0000,34,9,0,0,0,34,0.000000,0.693878,0.000000,0.000000,fixed_ta_v1
61,6100,-0.060602,0.120633,0.242895,-60.1934,0.000000,20.4519,0.000000,0.0,1.8,27,0,17,10,0.4074,2.0000,34,9,0,0,0,34,0.000000,0.693878,0.000000,0.000000,fixed_ta_v1
62,6200,-0.048596,2.785350,0.242044,-60.1934,0.000000,20.4519,0.000000,0.0,1.8,27,0,17,10,0.4074,2.0000,34,9,0,0,0,34,0.000000,0.693878,0.000000,0.000000,fixed_ta_v1
63,6300,-0.041279,0.101113,0.242536,-60.1934,0.000000,20.4519,0.000000,0.0,1.8,27,0,17,10,0.4074,2.0000,34,9,0,0,0,34,0.000000,0.693878,0.000000,0.000000,fixed_ta_v1
64,6400,-0.055207,5.012026,0.242681,-59.3186,0.000000,20.5915,0.000000,0.0,1.8,28,0,17,11,0.4286,2.0000,35,9,0,0,0,35,0.000000,0.714286,0.000000,0.000000,fixed_ta_v1
65,6500,-0.053148,1.695680,0.243371,-58.9210,0.000000,20.3424,0.000000,0.0,1.7,29,0,17,12,0.4483,2.0000,35,10,0,0,0,35,0.000000,0.714286,0.000000,0.000000,fixed_ta_v1
66,6600,-0.059808,0.294646,0.245244,-58.9210,0.000000,20.3424,0.000000,0.0,1.7,29,0,17,12,0.4483,2.0000,35,10,0,0,0,35,0.000000,0.714286,0.000000,0.000000,fixed_ta_v1
67,6700,-0.070573,0.214226,0.245702,-58.9210,0.000000,20.3424,0.000000,0.0,1.7,29,0,17,12,0.4483,2.0000,35,10,0,0,0,35,0.000000,0.714286,0.000000,0.000000,fixed_ta_v1
68,6800,-0.074630,3.200445,0.246317,-58.9210,0.000000,20.3424,0.000000,0.0,1.7,29,0,17,12,0.4483,2.0000,35,10,0,0,0,35,0.000000,0.714286,0.000000,0.000000,fixed_ta_v1
69,6900,-0.059211,0.379341,0.246386,-58.9210,0.000000,20.3424,0.000000,0.0,1.7,29,0,17,12,0.4483,2.0000,35,10,0,0,0,35,0.000000,0.714286,0.000000,0.000000,fixed_ta_v1
70,7000,-0.050075,3.333911,0.247736,-58.3709,0.000000,20.2187,0.000000,0.0,1.6,30,0,17,13,0.4667,2.0000,35,11,0,0,0,35,0.000000,0.714286,0.000000,0.000000,fixed_ta_v1
71,7100,-0.052914,2.466281,0.250298,-57.9582,0.000000,20.0179,0.000000,0.0,1.6,31,0,17,14,0.4839,2.0000,35,12,0,0,0,35,0.000000,0.714286,0.000000,0.000000,fixed_ta_v1
72,7200,-0.051357,0.086619,0.250141,-57.9582,0.000000,20.0179,0.000000,0.0,1.6,31,0,17,14,0.4839,2.0000,35,12,0,0,0,35,0.000000,0.700000,0.000000,0.000000,fixed_ta_v1
73,7300,-0.055512,1.392502,0.247018,-57.9582,0.000000,20.0179,0.000000,0.0,1.6,31,0,17,14,0.4839,2.0000,35,12,0,0,0,35,0.000000,0.700000,0.000000,0.000000,fixed_ta_v1
74,7400,-0.047506,3.374385,0.245196,-57.9582,0.000000,20.0179,0.000000,0.0,1.6,31,0,17,14,0.4839,2.0000,35,12,0,0,0,35,0.000000,0.700000,0.000000,0.000000,fixed_ta_v1
75,7500,-0.057095,0.122015,0.246457,-57.9582,0.000000,20.0179,0.000000,0.0,1.6,31,0,17,14,0.4839,2.0000,35,12,0,0,0,35,0.000000,0.700000,0.000000,0.000000,fixed_ta_v1
76,7600,-0.054102,5.421916,0.245867,-57.5866,0.000000,19.8110,0.000000,0.0,1.5,32,0,17,15,0.5000,2.0000,35,13,0,0,0,35,0.000000,0.700000,0.000000,0.000000,fixed_ta_v1
77,7700,-0.047382,3.711034,0.244246,-56.9485,0.000000,19.8396,0.000000,0.0,1.5,33,0,17,16,0.5152,2.0000,36,13,0,0,0,36,0.000000,0.720000,0.000000,0.000000,fixed_ta_v1
78,7800,-0.050761,0.106726,0.244728,-56.9485,0.000000,19.8396,0.000000,0.0,1.5,33,0,17,16,0.5152,2.0000,36,13,0,0,0,36,0.000000,0.720000,0.000000,0.000000,fixed_ta_v1
79,7900,-0.037914,0.069628,0.245643,-56.9485,0.000000,19.8396,0.000000,0.0,1.5,33,0,17,16,0.5152,2.0000,36,13,0,0,0,36,0.000000,0.720000,0.000000,0.000000,fixed_ta_v1
80,8000,-0.052892,46.335970,0.247451,-57.6145,0.000000,19.9165,0.000000,0.0,1.5,34,0,18,16,0.5000,2.0000,36,15,0,0,0,36,0.000000,0.720000,0.000000,0.000000,fixed_ta_v1
81,8100,-0.057232,0.266614,0.247189,-57.6145,0.000000,19.9165,0.000000,0.0,1.5,34,0,18,16,0.5000,2.0000,36,15,0,0,0,36,0.000000,0.720000,0.000000,0.000000,fixed_ta_v1
82,8200,-0.047682,9.309382,0.247143,-57.6145,0.000000,19.9165,0.000000,0.0,1.5,34,0,18,16,0.5000,2.0000,36,15,0,0,0,36,0.000000,0.720000,0.000000,0.000000,fixed_ta_v1
83,8300,-0.044776,2.743122,0.248040,-57.2201,0.000000,19.7642,0.000000,0.0,1.4,35,0,18,17,0.5143,2.0000,36,16,0,0,0,36,0.000000,0.720000,0.000000,0.000000,fixed_ta_v1
84,8400,-0.054841,0.131412,0.248509,-57.2201,0.000000,19.7642,0.000000,0.0,1.4,35,0,18,17,0.5143,2.0000,36,16,0,0,0,36,0.000000,0.720000,0.000000,0.000000,fixed_ta_v1
85,8500,-0.054903,0.073586,0.248772,-57.2201,0.000000,19.7642,0.000000,0.0,1.4,35,0,18,17,0.5143,2.0000,36,16,0,0,0,36,0.000000,0.720000,0.000000,0.000000,fixed_ta_v1
86,8600,-0.050034,1.768381,0.249075,-55.6328,0.000000,21.6323,0.000000,0.0,1.4,36,0,18,18,0.5556,2.0000,36,16,0,0,0,36,0.000000,0.720000,0.000000,0.000000,fixed_ta_v1
87,8700,-0.053616,0.283817,0.249780,-55.6328,0.000000,21.6323,0.000000,0.0,1.4,36,0,18,18,0.5556,2.0000,36,16,0,0,0,36,0.000000,0.720000,0.000000,0.000000,fixed_ta_v1
88,8800,-0.058589,2.154350,0.248991,-55.6328,0.000000,21.6323,0.000000,0.0,1.4,36,0,18,18,0.5556,2.0000,36,16,0,0,0,36,0.000000,0.720000,0.000000,0.000000,fixed_ta_v1
89,8900,-0.046850,2.440222,0.247299,-55.2899,0.000000,21.4369,0.000000,0.0,1.4,37,0,18,19,0.5676,2.0000,36,17,0,0,0,36,0.000000,0.720000,0.000000,0.000000,fixed_ta_v1
90,9000,-0.057084,0.068856,0.249261,-55.2899,0.000000,21.4369,0.000000,0.0,1.4,37,0,18,19,0.5676,2.0000,36,17,0,0,0,36,0.000000,0.720000,0.000000,0.000000,fixed_ta_v1
91,9100,-0.038995,0.100949,0.249527,-55.2899,0.000000,21.4369,0.000000,0.0,1.4,37,0,18,19,0.5676,2.0000,36,17,0,0,0,36,0.000000,0.720000,0.000000,0.000000,fixed_ta_v1
92,9200,-0.050415,0.438731,0.250043,-53.9568,0.000000,22.6540,0.000000,0.0,1.3,38,0,18,20,0.6053,2.0000,36,17,0,0,0,36,0.000000,0.720000,0.000000,0.000000,fixed_ta_v1
93,9300,-0.053567,0.154766,0.249781,-53.9568,0.000000,22.6540,0.000000,0.0,1.3,38,0,18,20,0.6053,2.0000,36,17,0,0,0,36,0.000000,0.720000,0.000000,0.000000,fixed_ta_v1
94,9400,-0.058987,0.057532,0.252298,-53.9568,0.000000,22.6540,0.000000,0.0,1.3,38,0,18,20,0.6053,2.0000,36,17,0,0,0,36,0.000000,0.720000,0.000000,0.000000,fixed_ta_v1
95,9500,-0.058028,0.355706,0.253746,-52.7253,0.000000,23.6151,0.000000,0.0,1.3,39,0,18,21,0.6410,2.0000,36,17,0,0,0,36,0.000000,0.720000,0.000000,0.000000,fixed_ta_v1
96,9600,-0.066225,4.949309,0.254346,-52.7253,0.000000,23.6151,0.000000,0.0,1.3,39,0,18,21,0.6410,2.0000,36,17,0,0,0,36,0.000000,0.720000,0.000000,0.000000,fixed_ta_v1
97,9700,-0.044785,0.209413,0.256146,-52.7253,0.000000,23.6151,0.000000,0.0,1.3,39,0,18,21,0.6410,2.0000,36,17,0,0,0,36,0.000000,0.720000,0.000000,0.000000,fixed_ta_v1
98,9800,-0.041116,52.089649,0.257184,-53.5324,0.000000,23.8565,0.000000,0.0,1.2,40,0,19,21,0.6250,2.0000,36,19,0,0,0,36,0.000000,0.720000,0.000000,0.000000,fixed_ta_v1
99,9900,-0.064381,7.245817,0.255630,-53.5324,0.000000,23.8565,0.000000,0.0,1.2,40,0,19,21,0.6250,2.0000,36,19,0,0,0,36,0.000000,0.720000,0.000000,0.000000,fixed_ta_v1
100,10000,-0.051858,0.584758,0.257177,-53.5324,0.000000,23.8565,0.000000,0.0,1.2,40,0,19,21,0.6250,2.0000,36,19,0,0,0,36,0.000000,0.720000,0.000000,0.000000,fixed_ta_v1
101,10100,-0.059275,6.733297,0.258820,-53.0868,0.000000,23.7316,0.000000,0.0,1.2,41,0,19,22,0.6341,2.0000,36,20,0,0,0,36,0.000000,0.720000,0.000000,0.000000,fixed_ta_v1
102,10200,-0.041700,0.362791,0.258733,-53.0868,0.000000,23.7316,0.000000,0.0,1.2,41,0,19,22,0.6341,2.0000,36,20,0,0,0,36,0.000000,0.720000,0.000000,0.000000,fixed_ta_v1
103,10300,-0.035371,6.736431,0.258300,-54.0101,0.000000,24.1812,0.000000,0.0,1.2,42,0,20,22,0.6190,2.0000,36,22,0,0,0,36,0.000000,0.720000,0.000000,0.000000,fixed_ta_v1
104,10400,-0.059378,1.287248,0.258776,-54.0101,0.000000,24.1812,0.000000,0.0,1.2,42,0,20,22,0.6190,2.0000,36,22,0,0,0,36,0.000000,0.720000,0.000000,0.000000,fixed_ta_v1
105,10500,-0.048645,0.254513,0.259763,-54.0101,0.000000,24.1812,0.000000,0.0,1.2,42,0,20,22,0.6190,2.0000,36,22,0,0,0,36,0.000000,0.720000,0.000000,0.000000,fixed_ta_v1
106,10600,-0.043061,33.771260,0.258946,-54.4227,0.000000,24.0475,0.000000,0.0,1.2,43,0,21,22,0.6047,2.0000,36,24,0,0,0,36,0.000000,0.720000,0.000000,0.000000,fixed_ta_v1
107,10700,-0.062998,37.787778,0.259155,-54.9273,0.000000,24.0018,0.000000,0.0,1.1,44,0,22,22,0.5909,2.0000,36,26,0,0,0,36,0.000000,0.720000,0.000000,0.000000,fixed_ta_v1
108,10800,-0.041898,0.304969,0.261376,-54.9273,0.000000,24.0018,0.000000,0.0,1.1,44,0,22,22,0.5909,2.0000,36,26,0,0,0,36,0.000000,0.720000,0.000000,0.000000,fixed_ta_v1
109,10900,-0.060464,1.710518,0.265162,-54.9273,0.000000,24.0018,0.000000,0.0,1.1,44,0,22,22,0.5909,2.0000,36,26,0,0,0,36,0.000000,0.720000,0.000000,0.000000,fixed_ta_v1
110,11000,-0.038273,0.147662,0.266051,-54.9273,0.000000,24.0018,0.000000,0.0,1.1,44,0,22,22,0.5909,2.0000,36,26,0,0,0,36,0.000000,0.720000,0.000000,0.000000,fixed_ta_v1
111,11100,-0.063765,16.788628,0.266058,-55.2025,0.000000,23.8038,0.000000,0.0,1.1,45,0,23,22,0.5778,2.0000,36,28,0,0,0,36,0.000000,0.720000,0.000000,0.000000,fixed_ta_v1
112,11200,-0.057695,0.736424,0.267134,-55.2025,0.000000,23.8038,0.000000,0.0,1.1,45,0,23,22,0.5778,2.0000,36,28,0,0,0,36,0.000000,0.720000,0.000000,0.000000,fixed_ta_v1
113,11300,-0.069124,28.758415,0.265993,-54.9342,0.000000,23.8099,0.000000,0.0,1.1,47,0,24,23,0.5745,2.0000,36,31,0,0,0,36,0.000000,0.720000,0.000000,0.000000,fixed_ta_v1
114,11400,-0.045677,0.205366,0.264882,-54.9342,0.000000,23.8099,0.000000,0.0,1.1,47,0,24,23,0.5745,2.0000,36,31,0,0,0,36,0.000000,0.720000,0.000000,0.000000,fixed_ta_v1
115,11500,-0.054853,0.306104,0.266058,-54.9342,0.000000,23.8099,0.000000,0.0,1.1,47,0,24,23,0.5745,2.0000,36,31,0,0,0,36,0.000000,0.720000,0.000000,0.000000,fixed_ta_v1
116,11600,-0.040827,36.661990,0.268740,-55.3475,0.000000,23.7304,0.000000,0.0,1.0,48,0,25,23,0.5625,2.0000,36,33,0,0,0,36,0.000000,0.720000,0.000000,0.000000,fixed_ta_v1
117,11700,-0.046391,3.314633,0.269592,-55.8101,0.000000,23.7046,0.000000,0.0,1.0,49,0,26,23,0.5510,2.0000,36,35,0,0,0,36,0.000000,0.720000,0.000000,0.000000,fixed_ta_v1
118,11800,-0.050932,0.484241,0.270071,-55.8101,0.000000,23.7046,0.000000,0.0,1.0,49,0,26,23,0.5510,2.0000,36,35,0,0,0,36,0.000000,0.720000,0.000000,0.000000,fixed_ta_v1
119,11900,-0.047709,40.690852,0.270972,-56.1657,0.000000,23.5980,0.000000,0.0,1.0,50,0,27,23,0.5400,2.0000,36,37,0,0,0,36,0.000000,0.720000,0.000000,0.000000,fixed_ta_v1
120,12000,-0.057377,0.147895,0.273067,-56.1657,0.000000,23.5980,0.000000,0.0,1.0,50,0,27,23,0.5400,2.0000,36,37,0,0,0,36,0.000000,0.720000,0.000000,0.000000,fixed_ta_v1
121,12100,-0.051014,2.869868,0.275087,-56.1657,0.000000,23.5980,0.000000,0.0,1.0,50,0,27,23,0.5400,2.0000,36,37,0,0,0,36,0.000000,0.705882,0.000000,0.000000,fixed_ta_v1
122,12200,-0.076620,34.506777,0.277554,-56.4606,0.000000,23.6796,0.000000,0.0,0.9,52,0,28,24,0.5200,2.0000,37,39,0,0,0,37,0.000000,0.725490,0.000000,0.000000,fixed_ta_v1
123,12300,-0.058093,0.765046,0.278026,-56.4606,0.000000,23.6796,0.000000,0.0,0.9,52,0,28,24,0.5200,2.0000,37,39,0,0,0,37,0.000000,0.725490,0.000000,0.000000,fixed_ta_v1
124,12400,-0.052125,0.233248,0.276574,-56.4606,0.000000,23.6796,0.000000,0.0,0.9,52,0,28,24,0.5200,2.0000,37,39,0,0,0,37,0.000000,0.725490,0.000000,0.000000,fixed_ta_v1
125,12500,-0.043472,57.159301,0.275923,-57.8282,0.000000,24.2958,0.000000,0.0,0.9,54,0,30,24,0.5000,2.0000,37,43,0,0,0,37,0.000000,0.725490,0.000000,0.000000,fixed_ta_v1
126,12600,-0.059935,0.531358,0.276092,-57.8282,0.000000,24.2958,0.000000,0.0,0.9,54,0,30,24,0.5000,2.0000,37,43,0,0,0,37,0.000000,0.725490,0.000000,0.000000,fixed_ta_v1
127,12700,-0.058915,0.126790,0.274837,-57.8282,0.000000,24.2958,0.000000,0.0,0.9,54,0,30,24,0.5000,2.0000,37,43,0,0,0,37,0.000000,0.725490,0.000000,0.000000,fixed_ta_v1
128,12800,-0.058941,0.841949,0.273109,-57.8282,0.000000,24.2958,0.000000,0.0,0.9,54,0,30,24,0.5000,2.0000,37,43,0,0,0,37,0.000000,0.725490,0.000000,0.000000,fixed_ta_v1
129,12900,-0.045931,30.053906,0.273101,-59.2034,0.000000,24.5173,0.000000,0.0,0.8,56,0,32,24,0.4800,2.0000,37,47,0,0,0,37,0.000000,0.725490,0.000000,0.000000,fixed_ta_v1
130,13000,-0.069449,0.599170,0.272734,-59.2034,0.000000,24.5173,0.000000,0.0,0.8,56,0,32,24,0.4800,2.0000,37,47,0,0,0,37,0.000000,0.725490,0.000000,0.000000,fixed_ta_v1
131,13100,-0.049371,0.136151,0.271475,-59.2034,0.000000,24.5173,0.000000,0.0,0.8,56,0,32,24,0.4800,2.0000,37,47,0,0,0,37,0.000000,0.725490,0.000000,0.000000,fixed_ta_v1
132,13200,-0.080690,2.125730,0.271065,-59.2034,0.000000,24.5173,0.000000,0.0,0.8,56,0,32,24,0.4800,2.0000,37,47,0,0,0,37,0.000000,0.725490,0.000000,0.000000,fixed_ta_v1
133,13300,-0.048047,1.957724,0.269269,-59.2034,0.000000,24.5173,0.000000,0.0,0.8,56,0,32,24,0.4800,2.0000,37,47,0,0,0,37,0.000000,0.725490,0.000000,0.000000,fixed_ta_v1
134,13400,-0.053148,2.442690,0.267597,-59.2034,0.000000,24.5173,0.000000,0.0,0.8,56,0,32,24,0.4800,2.0000,37,47,0,0,0,37,0.000000,0.725490,0.000000,0.000000,fixed_ta_v1
135,13500,-0.066040,1.518696,0.267214,-58.5468,0.000000,24.6436,0.000000,0.0,0.7,58,0,32,26,0.5000,2.0000,37,49,0,0,0,37,0.000000,0.725490,0.000000,0.000000,fixed_ta_v1
136,13600,-0.064865,0.331486,0.267705,-58.5468,0.000000,24.6436,0.000000,0.0,0.7,58,0,32,26,0.5000,2.0000,37,49,0,0,0,37,0.000000,0.711538,0.000000,0.000000,fixed_ta_v1
137,13700,-0.074616,3.439311,0.268527,-58.5468,0.000000,24.6436,0.000000,0.0,0.7,58,0,32,26,0.5000,2.0000,37,49,0,0,0,37,0.000000,0.711538,0.000000,0.000000,fixed_ta_v1
138,13800,-0.070378,0.422578,0.268216,-58.5468,0.000000,24.6436,0.000000,0.0,0.7,58,0,32,26,0.5000,2.0000,37,49,0,0,0,37,0.000000,0.711538,0.000000,0.000000,fixed_ta_v1
139,13900,-0.051101,0.375210,0.267349,-58.5468,0.000000,24.6436,0.000000,0.0,0.7,58,0,32,26,0.5000,2.0000,37,49,0,0,0,37,0.000000,0.711538,0.000000,0.000000,fixed_ta_v1
140,14000,-0.056367,1.331600,0.264707,-58.5468,0.000000,24.6436,0.000000,0.0,0.7,58,0,32,26,0.5000,2.0000,37,49,0,0,0,37,0.000000,0.711538,0.000000,0.000000,fixed_ta_v1
141,14100,-0.071510,1.668263,0.261791,-58.4842,0.000000,23.9649,0.000000,0.0,0.7,60,0,32,28,0.5000,2.0000,38,50,0,0,0,38,0.000000,0.730769,0.000000,0.000000,fixed_ta_v1
142,14200,-0.062004,0.334093,0.262524,-58.4842,0.000000,23.9649,0.000000,0.0,0.7,60,0,32,28,0.5000,2.0000,38,50,0,0,0,38,0.000000,0.730769,0.000000,0.000000,fixed_ta_v1
143,14300,-0.055047,0.152097,0.265328,-58.4842,0.000000,23.9649,0.000000,0.0,0.7,60,0,32,28,0.5000,2.0000,38,50,0,0,0,38,0.000000,0.730769,0.000000,0.000000,fixed_ta_v1
144,14400,-0.061277,39.259842,0.267373,-58.4505,0.000000,23.9357,0.000000,0.0,0.6,61,0,33,28,0.5000,2.0000,38,52,0,0,0,38,0.000000,0.730769,0.000000,0.000000,fixed_ta_v1
145,14500,-0.074036,1.297844,0.266938,-58.4505,0.000000,23.9357,0.000000,0.0,0.6,61,0,33,28,0.5000,2.0000,38,52,0,0,0,38,0.000000,0.730769,0.000000,0.000000,fixed_ta_v1
146,14600,-0.054983,0.557313,0.265696,-58.4505,0.000000,23.9357,0.000000,0.0,0.6,61,0,33,28,0.5000,2.0000,38,52,0,0,0,38,0.000000,0.730769,0.000000,0.000000,fixed_ta_v1
147,14700,-0.044385,31.257694,0.268219,-57.8659,0.000000,24.1489,0.000000,0.0,0.5,63,0,34,29,0.5200,2.0000,38,55,0,0,0,38,0.000000,0.730769,0.000000,0.000000,fixed_ta_v1
148,14800,-0.047568,0.924082,0.270428,-57.8659,0.000000,24.1489,0.000000,0.0,0.5,63,0,34,29,0.5200,2.0000,38,55,0,0,0,38,0.000000,0.730769,0.000000,0.000000,fixed_ta_v1
149,14900,-0.074161,29.669849,0.272161,-57.9407,0.000000,24.1858,0.000000,0.0,0.5,64,0,35,29,0.5200,2.0000,38,57,0,0,0,38,0.000000,0.730769,0.000000,0.000000,fixed_ta_v1
150,15000,-0.068697,0.731856,0.270848,-57.9407,0.000000,24.1858,0.000000,0.0,0.5,64,0,35,29,0.5200,2.0000,38,57,0,0,0,38,0.000000,0.716981,0.000000,0.000000,fixed_ta_v1
151,15100,-0.063960,3.983990,0.269003,-57.9407,0.000000,24.1858,0.000000,0.0,0.5,64,0,35,29,0.5200,2.0000,38,57,0,0,0,38,0.000000,0.716981,0.000000,0.000000,fixed_ta_v1
152,15200,-0.060224,0.817097,0.269699,-57.9407,0.000000,24.1858,0.000000,0.0,0.5,64,0,35,29,0.5200,2.0000,38,57,0,0,0,38,0.000000,0.716981,0.000000,0.000000,fixed_ta_v1
153,15300,-0.054056,23.626134,0.269564,-57.6734,0.000000,24.3456,0.000000,0.0,0.4,66,0,36,30,0.5200,2.0000,39,59,0,0,0,39,0.000000,0.735849,0.000000,0.000000,fixed_ta_v1
154,15400,-0.063833,0.306414,0.268719,-57.6734,0.000000,24.3456,0.000000,0.0,0.4,66,0,36,30,0.5200,2.0000,39,59,0,0,0,39,0.000000,0.722222,0.000000,0.000000,fixed_ta_v1
155,15500,-0.079083,40.568890,0.267613,-57.9222,0.000000,24.4955,0.000000,0.0,0.4,67,0,37,30,0.5200,2.0000,39,61,0,0,0,39,0.000000,0.722222,0.000000,0.000000,fixed_ta_v1
156,15600,-0.062329,0.501850,0.267853,-57.9222,0.000000,24.4955,0.000000,0.0,0.4,67,0,37,30,0.5200,2.0000,39,61,0,0,0,39,0.000000,0.722222,0.000000,0.000000,fixed_ta_v1
157,15700,-0.071879,0.521313,0.270053,-57.9222,0.000000,24.4955,0.000000,0.0,0.4,67,0,37,30,0.5200,2.0000,39,61,0,0,0,39,0.000000,0.722222,0.000000,0.000000,fixed_ta_v1
158,15800,-0.081607,0.374809,0.271115,-57.9222,0.000000,24.4955,0.000000,0.0,0.4,67,0,37,30,0.5200,2.0000,39,61,0,0,0,39,0.000000,0.722222,0.000000,0.000000,fixed_ta_v1
159,15900,-0.070113,3.911324,0.270679,-56.7930,0.000000,24.6709,0.000000,0.0,0.4,68,0,37,31,0.5400,2.0000,40,61,0,0,0,40,0.000000,0.740741,0.000000,0.000000,fixed_ta_v1
160,16000,-0.053248,0.473669,0.269363,-56.7930,0.000000,24.6709,0.000000,0.0,0.4,68,0,37,31,0.5400,2.0000,40,61,0,0,0,40,0.000000,0.740741,0.000000,0.000000,fixed_ta_v1
161,16100,-0.072134,2.876955,0.268075,-55.7475,0.000000,24.8069,0.000000,0.0,0.4,69,0,37,32,0.5600,2.0000,40,62,0,0,0,40,0.000000,0.727273,0.000000,0.000000,fixed_ta_v1
162,16200,-0.073121,0.156579,0.268456,-55.7475,0.000000,24.8069,0.000000,0.0,0.4,69,0,37,32,0.5600,2.0000,40,62,0,0,0,40,0.000000,0.727273,0.000000,0.000000,fixed_ta_v1
163,16300,-0.064860,0.606348,0.268206,-55.7475,0.000000,24.8069,0.000000,0.0,0.4,69,0,37,32,0.5600,2.0000,40,62,0,0,0,40,0.000000,0.727273,0.000000,0.000000,fixed_ta_v1
164,16400,-0.050251,1.088586,0.267008,-55.7475,0.000000,24.8069,0.000000,0.0,0.4,69,0,37,32,0.5600,2.0000,40,62,0,0,0,40,0.000000,0.727273,0.000000,0.000000,fixed_ta_v1
165,16500,-0.057520,3.370357,0.267705,-54.6990,0.000000,25.3268,0.000000,0.0,0.3,70,0,37,33,0.5800,2.0000,41,62,0,0,0,41,0.000000,0.745455,0.000000,0.000000,fixed_ta_v1
166,16600,-0.065947,0.867052,0.267842,-54.6990,0.000000,25.3268,0.000000,0.0,0.3,70,0,37,33,0.5800,2.0000,41,62,0,0,0,41,0.000000,0.745455,0.000000,0.000000,fixed_ta_v1
167,16700,-0.056454,1.950533,0.267944,-54.5279,0.000000,25.4474,0.000000,0.0,0.3,71,0,37,34,0.5800,2.0000,41,63,0,0,0,41,0.000000,0.745455,0.000000,0.000000,fixed_ta_v1
168,16800,-0.043431,0.258274,0.267172,-54.5279,0.000000,25.4474,0.000000,0.0,0.3,71,0,37,34,0.5800,2.0000,41,63,0,0,0,41,0.000000,0.745455,0.000000,0.000000,fixed_ta_v1
169,16900,-0.051075,0.512117,0.265922,-54.5279,0.000000,25.4474,0.000000,0.0,0.3,71,0,37,34,0.5800,2.0000,41,63,0,0,0,41,0.000000,0.732143,0.000000,0.000000,fixed_ta_v1
170,17000,-0.048062,0.189836,0.265663,-54.5279,0.000000,25.4474,0.000000,0.0,0.3,71,0,37,34,0.5800,2.0000,41,63,0,0,0,41,0.000000,0.732143,0.000000,0.000000,fixed_ta_v1
171,17100,-0.051035,0.848298,0.266871,-52.7473,0.000000,26.6431,0.000000,0.0,0.3,72,0,37,35,0.6200,2.0000,41,63,0,0,0,41,0.000000,0.732143,0.000000,0.000000,fixed_ta_v1
172,17200,-0.047460,0.240022,0.267235,-52.7473,0.000000,26.6431,0.000000,0.0,0.3,72,0,37,35,0.6200,2.0000,41,63,0,0,0,41,0.000000,0.706897,0.000000,0.000000,fixed_ta_v1
173,17300,-0.036151,29.760964,0.268824,-51.1209,0.000000,26.4599,0.000000,0.0,0.2,74,0,38,36,0.6400,2.0000,44,63,0,0,0,44,0.000000,0.758621,0.000000,0.000000,fixed_ta_v1
174,17400,-0.057976,2.115574,0.270568,-51.1209,0.000000,26.4599,0.000000,0.0,0.2,74,0,38,36,0.6400,2.0000,44,63,0,0,0,44,0.000000,0.758621,0.000000,0.000000,fixed_ta_v1
175,17500,-0.062263,2.792253,0.270716,-51.1209,0.000000,26.4599,0.000000,0.0,0.2,74,0,38,36,0.6400,2.0000,44,63,0,0,0,44,0.000000,0.745763,0.000000,0.000000,fixed_ta_v1
176,17600,-0.056591,0.157272,0.270159,-51.1209,0.000000,26.4599,0.000000,0.0,0.2,74,0,38,36,0.6400,2.0000,44,63,0,0,0,44,0.000000,0.745763,0.000000,0.000000,fixed_ta_v1
177,17700,-0.033690,0.369560,0.270818,-51.1209,0.000000,26.4599,0.000000,0.0,0.2,74,0,38,36,0.6400,2.0000,44,63,0,0,0,44,0.000000,0.745763,0.000000,0.000000,fixed_ta_v1
178,17800,-0.025021,0.630448,0.272252,-51.1209,0.000000,26.4599,0.000000,0.0,0.2,74,0,38,36,0.6400,2.0000,44,63,0,0,0,44,0.000000,0.745763,0.000000,0.000000,fixed_ta_v1
179,17900,-0.044026,3.334446,0.272199,-51.0547,0.000000,26.5201,0.000000,0.0,0.2,76,0,38,38,0.6400,2.0000,45,64,0,0,0,45,0.000000,0.762712,0.000000,0.000000,fixed_ta_v1
180,18000,-0.056121,0.665120,0.269480,-51.0547,0.000000,26.5201,0.000000,0.0,0.2,76,0,38,38,0.6400,2.0000,45,64,0,0,0,45,0.000000,0.762712,0.000000,0.000000,fixed_ta_v1
181,18100,-0.060491,0.230119,0.269579,-51.0547,0.000000,26.5201,0.000000,0.0,0.2,76,0,38,38,0.6400,2.0000,45,64,0,0,0,45,0.000000,0.762712,0.000000,0.000000,fixed_ta_v1
182,18200,-0.071652,3.481652,0.272554,-51.0547,0.000000,26.5201,0.000000,0.0,0.2,76,0,38,38,0.6400,2.0000,45,64,0,0,0,45,0.000000,0.762712,0.000000,0.000000,fixed_ta_v1
183,18300,-0.050802,0.089682,0.274914,-51.0547,0.000000,26.5201,0.000000,0.0,0.2,76,0,38,38,0.6400,2.0000,45,64,0,0,0,45,0.000000,0.762712,0.000000,0.000000,fixed_ta_v1
184,18400,-0.060032,0.541682,0.275074,-51.0547,0.000000,26.5201,0.000000,0.0,0.2,76,0,38,38,0.6400,2.0000,45,64,0,0,0,45,0.000000,0.762712,0.000000,0.000000,fixed_ta_v1
185,18500,-0.057025,4.084304,0.274481,-49.2127,0.000000,27.5043,0.000000,0.2,0.2,78,0,38,40,0.6800,2.0000,45,65,0,0,0,45,0.000000,0.762712,0.000000,0.000000,fixed_ta_v1
186,18600,-0.061829,0.805021,0.273004,-49.2127,0.000000,27.5043,0.000000,0.2,0.2,78,0,38,40,0.6800,2.0000,45,65,0,0,0,45,0.000000,0.762712,0.000000,0.000000,fixed_ta_v1
187,18700,-0.060533,3.367026,0.272812,-49.2127,0.000000,27.5043,0.000000,0.2,0.2,78,0,38,40,0.6800,2.0000,45,65,0,0,0,45,0.000000,0.762712,0.000000,0.000000,fixed_ta_v1
188,18800,-0.056828,49.111799,0.269810,-49.6140,0.000000,27.6267,0.000000,0.2,0.2,79,0,39,40,0.6600,2.0000,45,67,0,0,0,45,0.000000,0.762712,0.000000,0.000000,fixed_ta_v1
189,18900,-0.078621,0.744645,0.267137,-49.6140,0.000000,27.6267,0.000000,0.2,0.2,79,0,39,40,0.6600,2.0000,45,67,0,0,0,45,0.000000,0.762712,0.000000,0.000000,fixed_ta_v1
190,19000,-0.061353,57.793831,0.264541,-50.1968,0.000000,27.7757,0.000000,0.2,0.2,80,0,40,40,0.6400,2.0000,45,69,0,0,0,45,0.000000,0.762712,0.000000,0.000000,fixed_ta_v1
191,19100,-0.069626,1.209734,0.263442,-50.0569,0.000000,27.8162,0.000000,0.2,0.2,81,0,40,41,0.6400,2.0000,45,70,0,0,0,45,0.000000,0.762712,0.000000,0.000000,fixed_ta_v1
192,19200,-0.075177,1.367778,0.263252,-50.0569,0.000000,27.8162,0.000000,0.2,0.2,81,0,40,41,0.6400,2.0000,45,70,0,0,0,45,0.000000,0.762712,0.000000,0.000000,fixed_ta_v1
193,19300,-0.040265,47.776507,0.263792,-51.5733,0.000000,28.3565,0.000000,0.2,0.2,83,0,42,41,0.6000,2.0000,45,74,0,0,0,45,0.000000,0.750000,0.000000,0.000000,fixed_ta_v1
194,19400,-0.054080,2.531505,0.265433,-51.5733,0.000000,28.3565,0.000000,0.2,0.2,83,0,42,41,0.6000,2.0000,45,74,0,0,0,45,0.000000,0.750000,0.000000,0.000000,fixed_ta_v1
195,19500,-0.059350,27.627871,0.266728,-51.9401,0.000000,28.8312,0.000000,0.2,0.2,84,0,43,41,0.6000,2.0000,45,76,0,0,0,45,0.000000,0.750000,0.000000,0.000000,fixed_ta_v1
196,19600,-0.068409,1.289676,0.266290,-51.9401,0.000000,28.8312,0.000000,0.2,0.2,84,0,43,41,0.6000,2.0000,45,76,0,0,0,45,0.000000,0.750000,0.000000,0.000000,fixed_ta_v1
197,19700,-0.060430,0.395843,0.265995,-51.9401,0.000000,28.8312,0.000000,0.2,0.2,84,0,43,41,0.6000,2.0000,45,76,0,0,0,45,0.000000,0.750000,0.000000,0.000000,fixed_ta_v1
198,19800,-0.056246,0.329010,0.265667,-51.9401,0.000000,28.8312,0.000000,0.2,0.2,84,0,43,41,0.6000,2.0000,45,76,0,0,0,45,0.000000,0.750000,0.000000,0.000000,fixed_ta_v1
199,19900,-0.052847,0.529242,0.264673,-51.8886,0.000000,28.8480,0.000000,0.2,0.2,85,0,43,42,0.6000,2.0000,45,77,0,0,0,45,0.000000,0.750000,0.000000,0.000000,fixed_ta_v1
200,20000,-0.057197,1.080306,0.265254,-51.8886,0.000000,28.8480,0.000000,0.2,0.2,85,0,43,42,0.6000,2.0000,45,77,0,0,0,45,0.000000,0.750000,0.000000,0.000000,fixed_ta_v1
201,20100,-0.063781,0.318691,0.268075,-52.4190,0.000000,28.1252,0.000000,0.2,0.2,86,0,43,43,0.5800,2.0000,45,78,0,0,0,45,0.000000,0.750000,0.000000,0.000000,fixed_ta_v1
202,20200,-0.064647,0.502934,0.269708,-52.4190,0.000000,28.1252,0.000000,0.2,0.2,86,0,43,43,0.5800,2.0000,45,78,0,0,0,45,0.000000,0.750000,0.000000,0.000000,fixed_ta_v1
203,20300,-0.064014,0.165978,0.270695,-52.4190,0.000000,28.1252,0.000000,0.2,0.2,86,0,43,43,0.5800,2.0000,45,78,0,0,0,45,0.000000,0.750000,0.000000,0.000000,fixed_ta_v1
204,20400,-0.061170,0.590459,0.271695,-52.4190,0.000000,28.1252,0.000000,0.2,0.2,86,0,43,43,0.5800,2.0000,45,78,0,0,0,45,0.000000,0.750000,0.000000,0.000000,fixed_ta_v1
205,20500,-0.064266,1.245189,0.271880,-52.3961,0.000000,28.1334,0.000000,0.2,0.2,87,0,43,44,0.5800,2.0000,45,79,0,0,0,45,0.000000,0.750000,0.000000,0.000000,fixed_ta_v1
206,20600,-0.061962,0.266312,0.268302,-52.3961,0.000000,28.1334,0.000000,0.2,0.2,87,0,43,44,0.5800,2.0000,45,79,0,0,0,45,0.000000,0.750000,0.000000,0.000000,fixed_ta_v1
207,20700,-0.069293,1.700888,0.266674,-52.3904,0.000000,28.1431,0.000000,0.2,0.2,88,0,43,45,0.5800,2.0000,45,79,0,0,0,45,0.000000,0.750000,0.000000,0.000000,fixed_ta_v1
208,20800,-0.080506,0.839319,0.266774,-52.3904,0.000000,28.1431,0.000000,0.2,0.2,88,0,43,45,0.5800,2.0000,45,79,0,0,0,45,0.000000,0.750000,0.000000,0.000000,fixed_ta_v1
209,20900,-0.060707,1.469047,0.268309,-52.3904,0.000000,28.1431,0.000000,0.2,0.2,88,0,43,45,0.5800,2.0000,45,79,0,0,0,45,0.000000,0.750000,0.000000,0.000000,fixed_ta_v1
210,21000,-0.053533,0.394459,0.269617,-52.3904,0.000000,28.1431,0.000000,0.2,0.2,88,0,43,45,0.5800,2.0000,45,79,0,0,0,45,0.000000,0.750000,0.000000,0.000000,fixed_ta_v1
211,21100,-0.053640,1.393607,0.269948,-52.9109,0.000000,27.5126,0.000000,0.2,0.2,89,0,43,46,0.5600,2.0000,45,80,0,0,0,45,0.000000,0.750000,0.000000,0.000000,fixed_ta_v1
212,21200,-0.070234,0.608908,0.267913,-52.9109,0.000000,27.5126,0.000000,0.2,0.2,89,0,43,46,0.5600,2.0000,45,80,0,0,0,45,0.000000,0.750000,0.000000,0.000000,fixed_ta_v1
213,21300,-0.059155,2.710322,0.265912,-51.9981,0.000000,27.1878,0.000000,0.2,0.2,90,0,43,47,0.5800,2.0000,45,81,0,0,0,45,0.000000,0.750000,0.000000,0.000000,fixed_ta_v1
214,21400,-0.060143,0.775482,0.263184,-51.9981,0.000000,27.1878,0.000000,0.2,0.2,90,0,43,47,0.5800,2.0000,45,81,0,0,0,45,0.000000,0.750000,0.000000,0.000000,fixed_ta_v1
215,21500,-0.050681,1.427215,0.263555,-51.9981,0.000000,27.1878,0.000000,0.2,0.2,90,0,43,47,0.5800,2.0000,45,81,0,0,0,45,0.000000,0.750000,0.000000,0.000000,fixed_ta_v1
216,21600,-0.064599,0.144432,0.265042,-51.9981,0.000000,27.1878,0.000000,0.2,0.2,90,0,43,47,0.5800,2.0000,45,81,0,0,0,45,0.000000,0.750000,0.000000,0.000000,fixed_ta_v1
217,21700,-0.046312,0.870624,0.266164,-50.9012,0.000000,28.8934,0.000000,0.2,0.2,91,0,43,48,0.6000,2.0000,45,81,0,0,0,45,0.000000,0.750000,0.000000,0.000000,fixed_ta_v1
218,21800,-0.059534,0.234262,0.265754,-50.9012,0.000000,28.8934,0.000000,0.2,0.2,91,0,43,48,0.6000,2.0000,45,81,0,0,0,45,0.000000,0.750000,0.000000,0.000000,fixed_ta_v1
219,21900,-0.051429,1.582312,0.265223,-49.8290,0.000000,28.3430,0.000000,0.2,0.2,92,0,43,49,0.6200,2.0000,45,82,0,0,0,45,0.000000,0.750000,0.000000,0.000000,fixed_ta_v1
220,22000,-0.065534,0.586021,0.264532,-49.8290,0.000000,28.3430,0.000000,0.2,0.2,92,0,43,49,0.6200,2.0000,45,82,0,0,0,45,0.000000,0.750000,0.000000,0.000000,fixed_ta_v1
221,22100,-0.060278,0.136024,0.263494,-49.8290,0.000000,28.3430,0.000000,0.2,0.2,92,0,43,49,0.6200,2.0000,45,82,0,0,0,45,0.000000,0.750000,0.000000,0.000000,fixed_ta_v1
222,22200,-0.057004,0.088130,0.262791,-49.8290,0.000000,28.3430,0.000000,0.2,0.2,92,0,43,49,0.6200,2.0000,45,82,0,0,0,45,0.000000,0.750000,0.000000,0.000000,fixed_ta_v1
223,22300,-0.061367,0.671950,0.262791,-48.2492,0.000000,29.2633,0.000000,0.2,0.2,93,0,43,50,0.6600,2.0000,45,82,0,0,0,45,0.000000,0.750000,0.000000,0.000000,fixed_ta_v1
224,22400,-0.074018,0.824955,0.264495,-48.2492,0.000000,29.2633,0.000000,0.2,0.2,93,0,43,50,0.6600,2.0000,45,82,0,0,0,45,0.000000,0.750000,0.000000,0.000000,fixed_ta_v1
225,22500,-0.067118,0.942089,0.264974,-46.5867,0.000000,29.9569,0.000000,0.2,0.2,94,0,43,51,0.7000,2.0000,45,82,0,0,0,45,0.000000,0.750000,0.000000,0.000000,fixed_ta_v1
226,22600,-0.067837,3.027088,0.263688,-46.5867,0.000000,29.9569,0.000000,0.2,0.2,94,0,43,51,0.7000,2.0000,45,82,0,0,0,45,0.000000,0.750000,0.000000,0.000000,fixed_ta_v1
227,22700,-0.057516,2.288540,0.263865,-46.5867,0.000000,29.9569,0.000000,0.2,0.2,94,0,43,51,0.7000,2.0000,45,82,0,0,0,45,0.000000,0.750000,0.000000,0.000000,fixed_ta_v1
228,22800,-0.031559,48.268222,0.265936,-46.7007,0.000000,30.0463,0.000000,0.2,0.2,95,0,44,51,0.7000,2.0000,45,84,0,0,0,45,0.000000,0.750000,0.000000,0.000000,fixed_ta_v1
229,22900,-0.026403,2.336309,0.267211,-46.0075,0.000000,29.8529,0.000000,0.2,0.2,96,0,44,52,0.7200,2.0000,45,85,0,0,0,45,0.000000,0.750000,0.000000,0.000000,fixed_ta_v1
230,23000,-0.052092,2.776282,0.265950,-46.0075,0.000000,29.8529,0.000000,0.2,0.2,96,0,44,52,0.7200,2.0000,45,85,0,0,0,45,0.000000,0.750000,0.000000,0.000000,fixed_ta_v1
231,23100,-0.061080,0.154833,0.265723,-46.0075,0.000000,29.8529,0.000000,0.2,0.2,96,0,44,52,0.7200,2.0000,45,85,0,0,0,45,0.000000,0.750000,0.000000,0.000000,fixed_ta_v1
232,23200,-0.063059,3.255477,0.266339,-46.0075,0.000000,29.8529,0.000000,0.2,0.2,96,0,44,52,0.7200,2.0000,45,85,0,0,0,45,0.000000,0.750000,0.000000,0.000000,fixed_ta_v1
233,23300,0.037062,0.293430,0.267737,-46.0075,0.000000,29.8529,0.000000,0.2,0.2,96,0,44,52,0.7200,2.0000,45,85,0,0,0,45,0.000000,0.750000,0.000000,0.000000,fixed_ta_v1
234,23400,-0.047201,3.283106,0.267743,-46.3193,0.000000,29.7209,0.000000,0.2,0.2,97,0,44,53,0.7200,2.0000,45,86,0,0,0,45,0.000000,0.750000,0.000000,0.000000,fixed_ta_v1
235,23500,-0.064837,2.963396,0.266936,-45.5271,0.000000,29.4789,0.000000,0.2,0.2,98,0,44,54,0.7400,2.0000,45,87,0,0,0,45,0.000000,0.750000,0.000000,0.000000,fixed_ta_v1
236,23600,-0.046701,1.452584,0.266573,-45.5271,0.000000,29.4789,0.000000,0.2,0.2,98,0,44,54,0.7400,2.0000,45,87,0,0,0,45,0.000000,0.750000,0.000000,0.000000,fixed_ta_v1
237,23700,-0.057516,0.219504,0.267930,-45.5271,0.000000,29.4789,0.000000,0.2,0.2,98,0,44,54,0.7400,2.0000,45,87,0,0,0,45,0.000000,0.750000,0.000000,0.000000,fixed_ta_v1
238,23800,-0.059696,0.125603,0.269259,-45.5271,0.000000,29.4789,0.000000,0.2,0.2,98,0,44,54,0.7400,2.0000,45,87,0,0,0,45,0.000000,0.750000,0.000000,0.000000,fixed_ta_v1
239,23900,-0.051199,0.082867,0.268701,-45.5271,0.000000,29.4789,0.000000,0.2,0.2,98,0,44,54,0.7400,2.0000,45,87,0,0,0,45,0.000000,0.750000,0.000000,0.000000,fixed_ta_v1
240,24000,-0.062168,2.294137,0.267089,-44.7888,0.000000,29.1160,0.000000,0.2,0.2,99,0,44,55,0.7600,2.0000,45,88,0,0,0,45,0.000000,0.750000,0.000000,0.000000,fixed_ta_v1
241,24100,-0.041732,0.536036,0.265513,-43.2765,0.000000,29.5417,0.000000,0.2,0.2,100,0,44,56,0.8000,2.0000,45,88,0,0,0,45,0.000000,0.750000,0.000000,0.000000,fixed_ta_v1
242,24200,-0.072191,1.961568,0.266126,-43.2765,0.000000,29.5417,0.000000,0.2,0.2,100,0,44,56,0.8000,2.0000,45,88,0,0,0,45,0.000000,0.750000,0.000000,0.000000,fixed_ta_v1
243,24300,-0.057035,0.122984,0.263787,-43.2765,0.000000,29.5417,0.000000,0.2,0.2,100,0,44,56,0.8000,2.0000,45,88,0,0,0,45,0.000000,0.750000,0.000000,0.000000,fixed_ta_v1
244,24400,-0.047057,11.072504,0.260794,-43.2765,0.000000,29.5417,0.000000,0.2,0.2,100,0,44,56,0.8000,2.0000,45,88,0,0,0,45,0.000000,0.750000,0.000000,0.000000,fixed_ta_v1
245,24500,-0.054623,0.993593,0.260135,-43.2765,0.000000,29.5417,0.000000,0.2,0.2,100,0,44,56,0.8000,2.0000,45,88,0,0,0,45,0.000000,0.750000,0.000000,0.000000,fixed_ta_v1
246,24600,-0.041163,0.227021,0.259847,-42.2863,0.000000,30.6794,0.000000,0.7,0.2,101,0,44,57,0.8200,2.0000,45,88,0,0,0,45,0.000000,0.750000,0.000000,0.000000,fixed_ta_v1
247,24700,-0.029487,5.552636,0.257535,-41.6649,0.000000,30.5245,0.000000,0.7,0.2,102,0,44,58,0.8400,2.0000,45,89,0,0,0,45,0.000000,0.750000,0.000000,0.000000,fixed_ta_v1
248,24800,-0.060752,0.321743,0.253992,-41.6649,0.000000,30.5245,0.000000,0.7,0.2,102,0,44,58,0.8400,2.0000,45,89,0,0,0,45,0.000000,0.750000,0.000000,0.000000,fixed_ta_v1
249,24900,-0.068781,6.695014,0.254972,-41.6649,0.000000,30.5245,0.000000,0.7,0.2,102,0,44,58,0.8400,2.0000,45,89,0,0,0,45,0.000000,0.750000,0.000000,0.000000,fixed_ta_v1
250,25000,-0.053286,0.226346,0.256082,-41.6649,0.000000,30.5245,0.000000,0.7,0.2,102,0,44,58,0.8400,2.0000,45,89,0,0,0,45,0.000000,0.750000,0.000000,0.000000,fixed_ta_v1
251,25100,-0.033344,0.274603,0.256318,-41.6649,0.000000,30.5245,0.000000,0.7,0.2,102,0,44,58,0.8400,2.0000,45,89,0,0,0,45,0.000000,0.750000,0.000000,0.000000,fixed_ta_v1
252,25200,-0.045171,2.610393,0.258318,-40.7064,0.000000,29.8079,0.000000,0.7,0.2,103,0,44,59,0.8600,2.0000,45,90,0,0,0,45,0.000000,0.750000,0.000000,0.000000,fixed_ta_v1
253,25300,-0.082561,5.960380,0.260473,-39.7602,0.000000,28.9815,0.000000,1.0,0.2,104,0,44,60,0.8800,2.0000,45,91,0,0,0,45,0.000000,0.750000,0.000000,0.000000,fixed_ta_v1
254,25400,-0.052717,2.454596,0.260101,-39.7602,0.000000,28.9815,0.000000,1.0,0.2,104,0,44,60,0.8800,2.0000,45,91,0,0,0,45,0.000000,0.750000,0.000000,0.000000,fixed_ta_v1
255,25500,-0.054095,0.178101,0.259222,-39.7602,0.000000,28.9815,0.000000,1.0,0.2,104,0,44,60,0.8800,2.0000,45,91,0,0,0,45,0.000000,0.750000,0.000000,0.000000,fixed_ta_v1
256,25600,-0.031408,4.383333,0.259744,-39.7602,0.000000,28.9815,0.000000,1.0,0.2,104,0,44,60,0.8800,2.0000,45,91,0,0,0,45,0.000000,0.750000,0.000000,0.000000,fixed_ta_v1
257,25700,-0.011226,0.160665,0.259813,-39.7602,0.000000,28.9815,0.000000,1.0,0.2,104,0,44,60,0.8800,2.0000,45,91,0,0,0,45,0.000000,0.750000,0.000000,0.000000,fixed_ta_v1
258,25800,-0.038419,2.081649,0.259016,-38.9809,0.000000,28.2892,0.000000,1.0,0.2,105,0,44,61,0.9000,2.0000,45,92,0,0,0,45,0.000000,0.750000,0.000000,0.000000,fixed_ta_v1
259,25900,-0.045612,3.773658,0.260125,-38.0271,0.000000,27.5334,0.000000,1.0,0.2,106,0,44,62,0.9200,2.0000,45,93,0,0,0,45,0.000000,0.750000,0.000000,0.000000,fixed_ta_v1
260,26000,-0.049616,0.293680,0.262011,-38.0271,0.000000,27.5334,0.000000,1.0,0.2,106,0,44,62,0.9200,2.0000,45,93,0,0,0,45,0.000000,0.750000,0.000000,0.000000,fixed_ta_v1
261,26100,-0.048272,1.444009,0.263658,-38.0271,0.000000,27.5334,0.000000,1.0,0.2,106,0,44,62,0.9200,2.0000,45,93,0,0,0,45,0.000000,0.750000,0.000000,0.000000,fixed_ta_v1
262,26200,-0.063175,47.729477,0.264777,-38.7702,0.000000,27.9906,0.000000,1.0,0.2,107,0,45,62,0.9000,2.0000,45,95,0,0,0,45,0.000000,0.750000,0.000000,0.000000,fixed_ta_v1
263,26300,-0.050067,0.462784,0.265494,-38.7702,0.000000,27.9906,0.000000,1.0,0.2,107,0,45,62,0.9000,2.0000,45,95,0,0,0,45,0.000000,0.750000,0.000000,0.000000,fixed_ta_v1
264,26400,-0.065551,1.483891,0.266613,-38.0663,0.000000,28.4182,0.000000,1.0,0.2,108,0,45,63,0.9200,2.0000,45,95,0,0,0,45,0.000000,0.750000,0.000000,0.000000,fixed_ta_v1
265,26500,-0.053316,40.409344,0.267062,-39.0640,0.000000,29.1183,0.000000,1.0,0.2,109,0,46,63,0.9000,2.0000,45,97,0,0,0,45,0.000000,0.750000,0.000000,0.000000,fixed_ta_v1
266,26600,-0.061408,2.526947,0.265755,-39.0640,0.000000,29.1183,0.000000,1.0,0.2,109,0,46,63,0.9000,2.0000,45,97,0,0,0,45,0.000000,0.737705,0.000000,0.000000,fixed_ta_v1
267,26700,-0.058639,18.585464,0.264356,-39.9282,0.000000,29.8205,0.000000,1.0,0.2,110,0,47,63,0.8800,2.0000,45,99,0,0,0,45,0.000000,0.737705,0.000000,0.000000,fixed_ta_v1
268,26800,-0.051458,1.892388,0.264618,-39.9282,0.000000,29.8205,0.000000,1.0,0.2,110,0,47,63,0.8800,2.0000,45,99,0,0,0,45,0.000000,0.737705,0.000000,0.000000,fixed_ta_v1
269,26900,-0.061715,0.974129,0.265665,-39.9282,0.000000,29.8205,0.000000,1.0,0.2,110,0,47,63,0.8800,2.0000,45,99,0,0,0,45,0.000000,0.737705,0.000000,0.000000,fixed_ta_v1
270,27000,-0.053079,0.337756,0.267303,-39.9282,0.000000,29.8205,0.000000,1.0,0.2,110,0,47,63,0.8800,2.0000,45,99,0,0,0,45,0.000000,0.737705,0.000000,0.000000,fixed_ta_v1
271,27100,-0.066526,1.638060,0.267296,-38.9450,0.000000,29.3422,0.000000,1.0,0.2,111,0,47,64,0.9000,2.0000,46,99,0,0,0,46,0.000000,0.754098,0.000000,0.000000,fixed_ta_v1
272,27200,-0.053403,0.995750,0.264864,-38.9450,0.000000,29.3422,0.000000,1.0,0.2,111,0,47,64,0.9000,2.0000,46,99,0,0,0,46,0.000000,0.754098,0.000000,0.000000,fixed_ta_v1
273,27300,-0.058756,0.556937,0.262455,-38.9978,0.000000,29.3394,0.000000,1.0,0.2,112,0,47,65,0.9000,2.0000,46,100,0,0,0,46,0.000000,0.754098,0.000000,0.000000,fixed_ta_v1
274,27400,-0.072205,0.357818,0.261604,-38.9978,0.000000,29.3394,0.000000,1.0,0.2,112,0,47,65,0.9000,2.0000,46,100,0,0,0,46,0.000000,0.754098,0.000000,0.000000,fixed_ta_v1
275,27500,-0.061253,1.568697,0.261408,-38.9978,0.000000,29.3394,0.000000,1.0,0.2,112,0,47,65,0.9000,2.0000,46,100,0,0,0,46,0.000000,0.754098,0.000000,0.000000,fixed_ta_v1
276,27600,-0.045650,0.577503,0.263462,-38.9978,0.000000,29.3394,0.000000,1.0,0.2,112,0,47,65,0.9000,2.0000,46,100,0,0,0,46,0.000000,0.754098,0.000000,0.000000,fixed_ta_v1
277,27700,-0.061305,1.189642,0.262697,-38.3968,0.000000,28.8453,0.000000,1.0,0.2,113,0,47,66,0.9200,2.0000,46,101,0,0,0,46,0.000000,0.754098,0.000000,0.000000,fixed_ta_v1
278,27800,-0.020309,0.367423,0.261668,-38.3968,0.000000,28.8453,0.000000,1.0,0.2,113,0,47,66,0.9200,2.0000,46,101,0,0,0,46,0.000000,0.754098,0.000000,0.000000,fixed_ta_v1
279,27900,-0.048736,1.152927,0.261750,-37.7642,0.000000,28.4520,0.000000,1.0,0.2,114,0,47,67,0.9400,2.0000,46,102,0,0,0,46,0.000000,0.754098,0.000000,0.000000,fixed_ta_v1
280,28000,-0.043344,0.137912,0.262476,-37.7642,0.000000,28.4520,0.000000,1.0,0.2,114,0,47,67,0.9400,2.0000,46,102,0,0,0,46,0.000000,0.754098,0.000000,0.000000,fixed_ta_v1
281,28100,-0.070181,3.612402,0.261947,-37.7642,0.000000,28.4520,0.000000,1.0,0.2,114,0,47,67,0.9400,2.0000,46,102,0,0,0,46,0.000000,0.754098,0.000000,0.000000,fixed_ta_v1
282,28200,-0.039150,0.203023,0.261003,-37.7642,0.000000,28.4520,0.000000,1.0,0.2,114,0,47,67,0.9400,2.0000,46,102,0,0,0,46,0.000000,0.754098,0.000000,0.000000,fixed_ta_v1
283,28300,-0.036084,0.566388,0.261933,-37.1329,0.000000,29.0049,0.000000,1.0,0.2,115,0,47,68,0.9600,2.0000,46,102,0,0,0,46,0.000000,0.754098,0.000000,0.000000,fixed_ta_v1
284,28400,-0.061910,0.573710,0.262439,-37.1329,0.000000,29.0049,0.000000,1.0,0.2,115,0,47,68,0.9600,2.0000,46,102,0,0,0,46,0.000000,0.754098,0.000000,0.000000,fixed_ta_v1
285,28500,-0.054880,0.939727,0.262687,-36.3117,0.000000,28.4607,0.000000,1.0,0.2,116,0,47,69,0.9800,2.0000,46,103,0,0,0,46,0.000000,0.754098,0.000000,0.000000,fixed_ta_v1
286,28600,-0.066168,0.164913,0.261537,-36.3117,0.000000,28.4607,0.000000,1.0,0.2,116,0,47,69,0.9800,2.0000,46,103,0,0,0,46,0.000000,0.754098,0.000000,0.000000,fixed_ta_v1
287,28700,-0.055522,1.711850,0.260419,-36.3117,0.000000,28.4607,0.000000,1.0,0.2,116,0,47,69,0.9800,2.0000,46,103,0,0,0,46,0.000000,0.754098,0.000000,0.000000,fixed_ta_v1
288,28800,-0.046667,0.198166,0.261371,-36.3117,0.000000,28.4607,0.000000,1.0,0.2,116,0,47,69,0.9800,2.0000,46,103,0,0,0,46,0.000000,0.754098,0.000000,0.000000,fixed_ta_v1
289,28900,-0.000062,0.627189,0.262243,-34.7909,0.000000,28.1836,0.000000,1.0,0.2,117,0,47,70,1.0200,2.0000,46,103,0,0,0,46,0.000000,0.754098,0.000000,0.000000,fixed_ta_v1
290,29000,-0.065407,0.566131,0.262393,-34.7909,0.000000,28.1836,0.000000,1.0,0.2,117,0,47,70,1.0200,2.0000,46,103,0,0,0,46,0.000000,0.754098,0.000000,0.000000,fixed_ta_v1
291,29100,-0.040217,1.036513,0.261389,-35.0539,0.000000,28.1552,0.000000,1.0,0.1,118,0,47,71,1.0200,2.0000,46,104,0,0,0,46,0.000000,0.754098,0.000000,0.000000,fixed_ta_v1
292,29200,-0.053721,0.286119,0.260597,-35.0539,0.000000,28.1552,0.000000,1.0,0.1,118,0,47,71,1.0200,2.0000,46,104,0,0,0,46,0.000000,0.754098,0.000000,0.000000,fixed_ta_v1
293,29300,-0.066423,0.058479,0.260125,-35.0539,0.000000,28.1552,0.000000,1.0,0.1,118,0,47,71,1.0200,2.0000,46,104,0,0,0,46,0.000000,0.754098,0.000000,0.000000,fixed_ta_v1
294,29400,-0.069346,0.139384,0.259015,-35.0539,0.000000,28.1552,0.000000,1.0,0.1,118,0,47,71,1.0200,2.0000,46,104,0,0,0,46,0.000000,0.754098,0.000000,0.000000,fixed_ta_v1
295,29500,-0.063913,0.076029,0.257782,-34.4660,0.000000,28.6219,0.000000,1.0,0.1,119,0,47,72,1.0400,2.0000,46,104,0,0,0,46,0.000000,0.754098,0.000000,0.000000,fixed_ta_v1
296,29600,-0.029215,0.135484,0.257605,-34.4660,0.000000,28.6219,0.000000,1.0,0.1,119,0,47,72,1.0400,2.0000,46,104,0,0,0,46,0.000000,0.754098,0.000000,0.000000,fixed_ta_v1
297,29700,-0.049869,0.061556,0.258223,-34.0914,0.000000,28.9740,0.000000,1.0,0.1,120,0,47,73,1.0600,2.0000,46,104,0,0,0,46,0.000000,0.754098,0.000000,0.000000,fixed_ta_v1
298,29800,-0.060597,0.098212,0.261053,-34.0914,0.000000,28.9740,0.000000,1.0,0.1,120,0,47,73,1.0600,2.0000,46,104,0,0,0,46,0.000000,0.741935,0.000000,0.000000,fixed_ta_v1
299,29900,-0.063301,0.189853,0.262986,-34.0914,0.000000,28.9740,0.000000,1.0,0.1,120,0,47,73,1.0600,2.0000,46,104,0,0,0,46,0.000000,0.741935,0.000000,0.000000,fixed_ta_v1
300,30000,-0.058417,0.070548,0.264076,-34.0914,0.000000,28.9740,0.000000,1.0,0.1,120,0,47,73,1.0600,2.0000,46,104,0,0,0,46,0.000000,0.741935,0.000000,0.000000,fixed_ta_v1
301,30100,-0.036737,0.080722,0.264556,-33.4856,0.000000,29.3168,0.000000,1.0,0.1,121,0,47,74,1.0800,2.0000,46,104,0,0,0,46,0.000000,0.741935,0.000000,0.000000,fixed_ta_v1
302,30200,-0.044983,0.322218,0.263375,-33.4856,0.000000,29.3168,0.000000,1.0,0.1,121,0,47,74,1.0800,2.0000,46,104,0,0,0,46,0.000000,0.741935,0.000000,0.000000,fixed_ta_v1
303,30300,-0.044809,1.645156,0.261283,-34.2559,0.000000,28.7066,0.000000,1.0,0.1,122,0,47,75,1.0600,2.0000,47,104,0,0,0,47,0.000000,0.758065,0.000000,0.000000,fixed_ta_v1
304,30400,-0.050260,0.195625,0.259892,-34.2559,0.000000,28.7066,0.000000,1.0,0.1,122,0,47,75,1.0600,2.0000,47,104,0,0,0,47,0.000000,0.734375,0.000000,0.000000,fixed_ta_v1
305,30500,-0.060203,18.260498,0.261368,-34.3460,0.000000,28.7903,0.000000,1.0,0.1,123,0,48,75,1.0600,2.0000,49,104,0,0,0,49,0.000000,0.765625,0.000000,0.000000,fixed_ta_v1
306,30600,-0.049542,0.077216,0.262319,-34.3460,0.000000,28.7903,0.000000,1.0,0.1,123,0,48,75,1.0600,2.0000,49,104,0,0,0,49,0.000000,0.753846,0.000000,0.000000,fixed_ta_v1
307,30700,-0.056223,0.043839,0.260947,-33.8961,0.000000,29.1884,0.000000,1.0,0.1,124,0,48,76,1.0800,2.0000,49,104,0,0,0,49,0.000000,0.753846,0.000000,0.000000,fixed_ta_v1
308,30800,-0.059222,0.079993,0.259438,-33.8961,0.000000,29.1884,0.000000,1.0,0.1,124,0,48,76,1.0800,2.0000,49,104,0,0,0,49,0.000000,0.753846,0.000000,0.000000,fixed_ta_v1
309,30900,-0.042129,0.033970,0.260427,-33.8961,0.000000,29.1884,0.000000,1.0,0.1,124,0,48,76,1.0800,2.0000,49,104,0,0,0,49,0.000000,0.753846,0.000000,0.000000,fixed_ta_v1
310,31000,-0.054693,0.015580,0.260281,-33.8961,0.000000,29.1884,0.000000,1.0,0.1,124,0,48,76,1.0800,2.0000,49,104,0,0,0,49,0.000000,0.753846,0.000000,0.000000,fixed_ta_v1
311,31100,-0.049424,0.118692,0.259591,-33.0350,0.000000,29.5936,0.000000,1.0,0.1,125,0,48,77,1.1000,2.0000,49,104,0,0,0,49,0.000000,0.753846,0.000000,0.000000,fixed_ta_v1
312,31200,-0.061347,0.049644,0.257669,-33.0350,0.000000,29.5936,0.000000,1.0,0.1,125,0,48,77,1.1000,2.0000,49,104,0,0,0,49,0.000000,0.742424,0.000000,0.000000,fixed_ta_v1
313,31300,-0.041104,0.806813,0.257000,-32.4371,0.000000,29.9829,0.000000,1.0,0.1,126,0,48,78,1.1200,2.0000,49,104,0,0,0,49,0.000000,0.742424,0.000000,0.000000,fixed_ta_v1
314,31400,-0.046605,0.162229,0.257880,-32.4371,0.000000,29.9829,0.000000,1.0,0.1,126,0,48,78,1.1200,2.0000,49,104,0,0,0,49,0.000000,0.731343,0.000000,0.000000,fixed_ta_v1
315,31500,-0.054229,1.565706,0.256652,-32.4371,0.000000,29.9829,0.000000,1.0,0.1,126,0,48,78,1.1200,2.0000,49,104,0,0,0,49,0.000000,0.731343,0.000000,0.000000,fixed_ta_v1
316,31600,-0.059574,0.278886,0.254823,-32.4371,0.000000,29.9829,0.000000,1.0,0.1,126,0,48,78,1.1200,2.0000,49,104,0,0,0,49,0.000000,0.731343,0.000000,0.000000,fixed_ta_v1
317,31700,-0.060029,2.595031,0.253482,-33.3224,0.000000,29.2332,0.000000,0.8,0.1,127,0,48,79,1.1000,2.0000,50,104,0,0,0,50,0.000000,0.746269,0.000000,0.000000,fixed_ta_v1
318,31800,-0.054743,4.293518,0.252279,-33.3224,0.000000,29.2332,0.000000,0.8,0.1,127,0,48,79,1.1000,2.0000,50,104,0,0,0,50,0.000000,0.746269,0.000000,0.000000,fixed_ta_v1
319,31900,-0.044088,41.143573,0.252521,-33.1835,0.000000,29.3808,0.000000,0.8,0.2,129,0,49,80,1.1000,2.0000,51,106,0,0,0,51,0.000000,0.761194,0.000000,0.000000,fixed_ta_v1
320,32000,-0.053199,0.261543,0.252510,-33.1835,0.000000,29.3808,0.000000,0.8,0.2,129,0,49,80,1.1000,2.0000,51,106,0,0,0,51,0.000000,0.761194,0.000000,0.000000,fixed_ta_v1
321,32100,-0.065564,9.265703,0.253035,-33.1835,0.000000,29.3808,0.000000,0.8,0.2,129,0,49,80,1.1000,2.0000,51,106,0,0,0,51,0.000000,0.761194,0.000000,0.000000,fixed_ta_v1
322,32200,-0.047460,45.495844,0.254744,-33.3395,0.000000,29.6039,0.000000,0.8,0.2,130,0,50,80,1.1000,2.0000,51,108,0,0,0,51,0.000000,0.761194,0.000000,0.000000,fixed_ta_v1
323,32300,-0.056492,28.606409,0.256624,-34.0837,0.000000,30.1882,0.000000,0.8,0.2,131,0,51,80,1.0800,2.0000,51,110,0,0,0,51,0.000000,0.761194,0.000000,0.000000,fixed_ta_v1
324,32400,-0.041968,0.562344,0.258346,-34.0837,0.000000,30.1882,0.000000,0.8,0.2,131,0,51,80,1.0800,2.0000,51,110,0,0,0,51,0.000000,0.761194,0.000000,0.000000,fixed_ta_v1
325,32500,-0.046647,0.057672,0.261423,-34.0837,0.000000,30.1882,0.000000,0.8,0.2,131,0,51,80,1.0800,2.0000,51,110,0,0,0,51,0.000000,0.761194,0.000000,0.000000,fixed_ta_v1
326,32600,-0.052437,39.210084,0.262567,-34.1853,0.000000,30.3209,0.000000,0.8,0.2,132,0,52,80,1.0800,2.0000,51,112,0,0,0,51,0.000000,0.761194,0.000000,0.000000,fixed_ta_v1
327,32700,-0.042022,0.178180,0.262363,-34.1853,0.000000,30.3209,0.000000,0.8,0.2,132,0,52,80,1.0800,2.0000,51,112,0,0,0,51,0.000000,0.761194,0.000000,0.000000,fixed_ta_v1
328,32800,-0.043205,3.486034,0.261516,-32.5188,0.000000,29.6369,0.000000,0.8,0.1,133,0,52,81,1.1200,2.0000,51,112,0,0,0,51,0.000000,0.761194,0.000000,0.000000,fixed_ta_v1
329,32900,-0.044146,1.279268,0.260777,-32.5188,0.000000,29.6369,0.000000,0.8,0.1,133,0,52,81,1.1200,2.0000,51,112,0,0,0,51,0.000000,0.761194,0.000000,0.000000,fixed_ta_v1
330,33000,-0.051023,24.249862,0.260376,-31.8840,0.000000,28.5490,0.000000,0.8,0.2,134,0,53,81,1.1200,2.0000,52,113,0,0,0,52,0.000000,0.764706,0.000000,0.000000,fixed_ta_v1
331,33100,-0.050119,0.352879,0.261084,-31.8840,0.000000,28.5490,0.000000,0.8,0.2,134,0,53,81,1.1200,2.0000,52,113,0,0,0,52,0.000000,0.753623,0.000000,0.000000,fixed_ta_v1
332,33200,-0.042719,3.293594,0.261656,-31.8612,0.000000,28.5420,0.000000,0.8,0.2,135,0,53,82,1.1200,2.0000,52,114,0,0,0,52,0.000000,0.742857,0.000000,0.000000,fixed_ta_v1
333,33300,-0.052210,0.302308,0.262069,-31.8612,0.000000,28.5420,0.000000,0.8,0.2,135,0,53,82,1.1200,2.0000,52,114,0,0,0,52,0.000000,0.732394,0.000000,0.000000,fixed_ta_v1
334,33400,-0.044782,24.261926,0.259700,-32.7523,0.000000,29.0546,0.000000,0.8,0.2,136,0,54,82,1.1000,2.0000,53,115,0,0,0,53,0.000000,0.746479,0.000000,0.000000,fixed_ta_v1
335,33500,-0.042336,0.599243,0.260516,-32.7523,0.000000,29.0546,0.000000,0.8,0.2,136,0,54,82,1.1000,2.0000,53,115,0,0,0,53,0.000000,0.746479,0.000000,0.000000,fixed_ta_v1
336,33600,-0.041603,3.163671,0.263142,-32.6141,0.000000,29.0277,0.000000,0.8,0.2,137,0,54,83,1.1000,2.0000,54,115,0,0,0,54,0.000000,0.739726,0.000000,0.000000,fixed_ta_v1
337,33700,-0.038928,0.211922,0.265220,-32.6141,0.000000,29.0277,0.000000,0.8,0.2,137,0,54,83,1.1000,2.0000,54,115,0,0,0,54,0.000000,0.739726,0.000000,0.000000,fixed_ta_v1
338,33800,-0.058300,25.062853,0.265425,-34.0143,0.000000,29.3174,0.000000,0.8,0.3,138,0,55,83,1.0600,2.0000,55,116,0,0,0,55,0.000000,0.733333,0.000000,0.000000,fixed_ta_v1
339,33900,-0.047659,0.287183,0.265670,-34.0143,0.000000,29.3174,0.000000,0.8,0.3,138,0,55,83,1.0600,2.0000,55,116,0,0,0,55,0.000000,0.733333,0.000000,0.000000,fixed_ta_v1
340,34000,-0.061470,0.899995,0.266000,-33.8738,0.000000,29.3438,0.000000,0.8,0.3,139,0,55,84,1.0600,2.0000,56,116,0,0,0,56,0.000000,0.727273,0.000000,0.000000,fixed_ta_v1
341,34100,-0.046635,11.986818,0.266231,-34.5998,0.000000,29.9142,0.000000,0.8,0.3,140,0,56,84,1.0400,2.0000,57,117,0,0,0,57,0.000000,0.740260,0.000000,0.000000,fixed_ta_v1
342,34200,-0.044488,17.521904,0.267877,-36.4150,0.000000,29.3196,0.000000,0.8,0.4,141,0,57,84,1.0000,2.0000,58,118,0,0,0,58,0.000000,0.734177,0.000000,0.000000,fixed_ta_v1
343,34300,-0.051325,4.790488,0.267233,-36.4150,0.000000,29.3196,0.000000,0.8,0.4,141,0,57,84,1.0000,2.0000,58,118,0,0,0,58,0.000000,0.734177,0.000000,0.000000,fixed_ta_v1
344,34400,-0.046450,31.713172,0.264154,-36.8445,0.000000,29.5000,0.000000,0.8,0.4,142,0,58,84,0.9800,2.0000,60,118,0,0,0,60,0.000000,0.740741,0.000000,0.000000,fixed_ta_v1
345,34500,-0.053308,0.711826,0.263494,-36.8445,0.000000,29.5000,0.000000,0.8,0.4,142,0,58,84,0.9800,2.0000,60,118,0,0,0,60,0.000000,0.740741,0.000000,0.000000,fixed_ta_v1
346,34600,-0.053787,65.808870,0.261818,-38.3582,0.000000,29.1389,0.000000,0.8,0.4,143,0,59,84,0.9400,2.0000,61,119,0,0,0,61,0.000000,0.743902,0.000000,0.000000,fixed_ta_v1
347,34700,-0.032873,0.819504,0.261779,-39.1199,0.000000,28.4459,0.000000,0.8,0.4,144,0,59,85,0.9200,2.0000,62,119,0,0,0,62,0.000000,0.756098,0.000000,0.000000,fixed_ta_v1
348,34800,-0.062704,1.397909,0.263952,-39.1199,0.000000,28.4459,0.000000,0.8,0.4,144,0,59,85,0.9200,2.0000,62,119,0,0,0,62,0.000000,0.756098,0.000000,0.000000,fixed_ta_v1
349,34900,-0.052011,0.711158,0.264611,-39.1199,0.000000,28.4459,0.000000,0.8,0.4,144,0,59,85,0.9200,2.0000,62,119,0,0,0,62,0.000000,0.756098,0.000000,0.000000,fixed_ta_v1
350,35000,-0.045877,0.434132,0.264619,-39.1199,0.000000,28.4459,0.000000,0.8,0.4,144,0,59,85,0.9200,2.0000,62,119,0,0,0,62,0.000000,0.756098,0.000000,0.000000,fixed_ta_v1
351,35100,-0.055882,0.423145,0.262748,-39.1199,0.000000,28.4459,0.000000,0.8,0.4,144,0,59,85,0.9200,2.0000,62,119,0,0,0,62,0.000000,0.756098,0.000000,0.000000,fixed_ta_v1
352,35200,-0.056216,0.718061,0.263510,-38.2473,0.000000,28.0595,0.000000,0.8,0.4,145,0,59,86,0.9400,2.0000,62,120,0,0,0,62,0.000000,0.756098,0.000000,0.000000,fixed_ta_v1
353,35300,-0.052782,0.583421,0.266771,-37.4250,0.000000,28.6688,0.000000,0.8,0.4,146,0,59,87,0.9600,2.0000,62,120,0,0,0,62,0.000000,0.756098,0.000000,0.000000,fixed_ta_v1
354,35400,-0.056143,2.344930,0.267880,-37.4250,0.000000,28.6688,0.000000,0.8,0.4,146,0,59,87,0.9600,2.0000,62,120,0,0,0,62,0.000000,0.738095,0.000000,0.000000,fixed_ta_v1
355,35500,-0.050850,16.681797,0.269549,-38.7912,0.000000,29.4906,0.000000,0.8,0.5,148,0,61,87,0.9200,2.0000,64,122,0,0,0,64,0.000000,0.761905,0.000000,0.000000,fixed_ta_v1
356,35600,-0.045903,1.742359,0.268651,-38.7912,0.000000,29.4906,0.000000,0.8,0.5,148,0,61,87,0.9200,2.0000,64,122,0,0,0,64,0.000000,0.761905,0.000000,0.000000,fixed_ta_v1
357,35700,-0.017932,41.666033,0.267486,-39.5581,0.000000,30.0344,0.000000,0.8,0.5,149,0,62,87,0.9000,2.0000,64,124,0,0,0,64,0.000000,0.761905,0.000000,0.000000,fixed_ta_v1
358,35800,-0.042365,0.820679,0.268358,-39.5581,0.000000,30.0344,0.000000,0.8,0.5,149,0,62,87,0.9000,2.0000,64,124,0,0,0,64,0.000000,0.761905,0.000000,0.000000,fixed_ta_v1
359,35900,-0.036339,0.263722,0.271013,-39.5581,0.000000,30.0344,0.000000,0.8,0.5,149,0,62,87,0.9000,2.0000,64,124,0,0,0,64,0.000000,0.761905,0.000000,0.000000,fixed_ta_v1
360,36000,-0.058909,0.696682,0.272133,-39.5581,0.000000,30.0344,0.000000,0.8,0.5,149,0,62,87,0.9000,2.0000,64,124,0,0,0,64,0.000000,0.761905,0.000000,0.000000,fixed_ta_v1
361,36100,-0.045996,0.246301,0.268581,-40.4951,0.000000,29.4473,0.000000,0.8,0.5,150,0,62,88,0.8800,2.0000,64,125,0,0,0,64,0.000000,0.761905,0.000000,0.000000,fixed_ta_v1
362,36200,-0.052521,0.174731,0.264982,-40.4951,0.000000,29.4473,0.000000,0.8,0.5,150,0,62,88,0.8800,2.0000,64,125,0,0,0,64,0.000000,0.752941,0.000000,0.000000,fixed_ta_v1
363,36300,-0.065819,3.338138,0.265672,-40.8006,0.000000,28.9284,0.000000,0.2,0.5,151,0,62,89,0.8800,2.0000,64,125,0,0,0,64,0.000000,0.752941,0.000000,0.000000,fixed_ta_v1
364,36400,-0.052966,0.408348,0.266097,-40.8006,0.000000,28.9284,0.000000,0.2,0.5,151,0,62,89,0.8800,2.0000,64,125,0,0,0,64,0.000000,0.752941,0.000000,0.000000,fixed_ta_v1
365,36500,-0.041043,0.483845,0.264261,-40.8006,0.000000,28.9284,0.000000,0.2,0.5,151,0,62,89,0.8800,2.0000,64,125,0,0,0,64,0.000000,0.752941,0.000000,0.000000,fixed_ta_v1
366,36600,-0.055010,6.717425,0.263823,-40.8006,0.000000,28.9284,0.000000,0.2,0.5,151,0,62,89,0.8800,2.0000,64,125,0,0,0,64,0.000000,0.752941,0.000000,0.000000,fixed_ta_v1
367,36700,-0.042619,1.001590,0.264121,-40.8061,0.000000,28.9271,0.000000,0.2,0.5,152,0,62,90,0.8800,2.0000,65,125,0,0,0,65,0.000000,0.764706,0.000000,0.000000,fixed_ta_v1
368,36800,-0.056343,0.548255,0.264105,-40.8061,0.000000,28.9271,0.000000,0.2,0.5,152,0,62,90,0.8800,2.0000,65,125,0,0,0,65,0.000000,0.764706,0.000000,0.000000,fixed_ta_v1
369,36900,-0.051720,1.844843,0.264708,-40.4651,0.000000,29.0375,0.000000,0.7,0.5,153,0,62,91,0.8800,2.0000,65,126,0,0,0,65,0.000000,0.764706,0.000000,0.000000,fixed_ta_v1
370,37000,-0.041006,0.207139,0.265646,-40.4651,0.000000,29.0375,0.000000,0.7,0.5,153,0,62,91,0.8800,2.0000,65,126,0,0,0,65,0.000000,0.764706,0.000000,0.000000,fixed_ta_v1
371,37100,-0.055696,1.542969,0.266789,-40.4651,0.000000,29.0375,0.000000,0.7,0.5,153,0,62,91,0.8800,2.0000,65,126,0,0,0,65,0.000000,0.764706,0.000000,0.000000,fixed_ta_v1
372,37200,-0.056241,30.858691,0.266444,-41.0722,0.000000,29.3837,0.000000,0.5,0.5,154,0,63,91,0.8600,2.0000,65,128,0,0,0,65,0.000000,0.764706,0.000000,0.000000,fixed_ta_v1
373,37300,-0.050456,0.410253,0.266932,-40.0618,0.000000,30.0803,0.000000,0.5,0.5,155,0,63,92,0.8800,2.0000,65,128,0,0,0,65,0.000000,0.764706,0.000000,0.000000,fixed_ta_v1
374,37400,-0.063481,1.557587,0.268817,-40.0618,0.000000,30.0803,0.000000,0.5,0.5,155,0,63,92,0.8800,2.0000,65,128,0,0,0,65,0.000000,0.764706,0.000000,0.000000,fixed_ta_v1
375,37500,-0.062746,0.486103,0.268191,-40.0618,0.000000,30.0803,0.000000,0.5,0.5,155,0,63,92,0.8800,2.0000,65,128,0,0,0,65,0.000000,0.764706,0.000000,0.000000,fixed_ta_v1
376,37600,-0.040984,0.295506,0.267734,-40.0618,0.000000,30.0803,0.000000,0.5,0.5,155,0,63,92,0.8800,2.0000,65,128,0,0,0,65,0.000000,0.764706,0.000000,0.000000,fixed_ta_v1
377,37700,-0.027351,0.099949,0.266950,-40.0618,0.000000,30.0803,0.000000,0.5,0.5,155,0,63,92,0.8800,2.0000,65,128,0,0,0,65,0.000000,0.764706,0.000000,0.000000,fixed_ta_v1
378,37800,-0.031126,1.107872,0.266758,-40.0234,0.000000,30.0857,0.000000,0.5,0.5,156,0,63,93,0.8800,2.0000,65,129,0,0,0,65,0.000000,0.764706,0.000000,0.000000,fixed_ta_v1
379,37900,-0.046561,0.125554,0.265346,-38.5849,0.000000,30.1435,0.000000,0.5,0.5,157,0,63,94,0.9200,2.0000,65,129,0,0,0,65,0.000000,0.764706,0.000000,0.000000,fixed_ta_v1
380,38000,-0.045078,0.063080,0.264474,-38.5849,0.000000,30.1435,0.000000,0.5,0.5,157,0,63,94,0.9200,2.0000,65,129,0,0,0,65,0.000000,0.764706,0.000000,0.000000,fixed_ta_v1
381,38100,-0.070804,7.613848,0.264415,-38.5849,0.000000,30.1435,0.000000,0.5,0.5,157,0,63,94,0.9200,2.0000,65,129,0,0,0,65,0.000000,0.764706,0.000000,0.000000,fixed_ta_v1
382,38200,-0.053144,0.108003,0.263363,-38.5849,0.000000,30.1435,0.000000,0.5,0.5,157,0,63,94,0.9200,2.0000,65,129,0,0,0,65,0.000000,0.764706,0.000000,0.000000,fixed_ta_v1
383,38300,-0.047702,0.174281,0.262706,-38.5849,0.000000,30.1435,0.000000,0.5,0.5,157,0,63,94,0.9200,2.0000,65,129,0,0,0,65,0.000000,0.764706,0.000000,0.000000,fixed_ta_v1
384,38400,-0.047347,0.455016,0.261916,-38.4795,0.000000,30.2742,0.000000,0.5,0.5,158,0,63,95,0.9200,2.0000,65,129,0,0,0,65,0.000000,0.764706,0.000000,0.000000,fixed_ta_v1
385,38500,-0.036276,2.184743,0.261802,-37.5403,0.000000,29.5774,0.000000,0.5,0.5,159,0,63,96,0.9400,2.0000,65,130,0,0,0,65,0.000000,0.755814,0.000000,0.000000,fixed_ta_v1
386,38600,-0.052317,1.269603,0.262216,-37.5403,0.000000,29.5774,0.000000,0.5,0.5,159,0,63,96,0.9400,2.0000,65,130,0,0,0,65,0.000000,0.755814,0.000000,0.000000,fixed_ta_v1
387,38700,-0.021419,0.348792,0.262300,-37.5403,0.000000,29.5774,0.000000,0.5,0.5,159,0,63,96,0.9400,2.0000,65,130,0,0,0,65,0.000000,0.755814,0.000000,0.000000,fixed_ta_v1
388,38800,-0.038478,0.280392,0.262741,-37.5403,0.000000,29.5774,0.000000,0.5,0.5,159,0,63,96,0.9400,2.0000,65,130,0,0,0,65,0.000000,0.755814,0.000000,0.000000,fixed_ta_v1
389,38900,-0.042033,0.088140,0.261524,-37.5403,0.000000,29.5774,0.000000,0.5,0.5,159,0,63,96,0.9400,2.0000,65,130,0,0,0,65,0.000000,0.755814,0.000000,0.000000,fixed_ta_v1
390,39000,-0.055492,4.714081,0.259503,-36.7399,0.000000,28.8126,0.000000,0.5,0.5,160,0,63,97,0.9600,2.0000,65,131,0,0,0,65,0.000000,0.755814,0.000000,0.000000,fixed_ta_v1
391,39100,-0.048356,1.817456,0.258109,-36.8593,0.000000,28.7937,0.000000,0.5,0.5,161,0,63,98,0.9600,2.0000,65,132,0,0,0,65,0.000000,0.738636,0.000000,0.000000,fixed_ta_v1
392,39200,-0.050697,24.674633,0.254813,-37.3212,0.000000,29.0039,0.000000,0.5,0.5,162,0,64,98,0.9400,2.0000,67,132,0,0,0,67,0.000000,0.761364,0.000000,0.000000,fixed_ta_v1
393,39300,-0.037004,0.188062,0.252493,-37.3212,0.000000,29.0039,0.000000,0.5,0.5,162,0,64,98,0.9400,2.0000,67,132,0,0,0,67,0.000000,0.761364,0.000000,0.000000,fixed_ta_v1
394,39400,-0.056475,4.339712,0.253598,-37.3212,0.000000,29.0039,0.000000,0.5,0.5,162,0,64,98,0.9400,2.0000,67,132,0,0,0,67,0.000000,0.761364,0.000000,0.000000,fixed_ta_v1
395,39500,-0.049583,0.086620,0.254189,-37.3212,0.000000,29.0039,0.000000,0.5,0.5,162,0,64,98,0.9400,2.0000,67,132,0,0,0,67,0.000000,0.761364,0.000000,0.000000,fixed_ta_v1
396,39600,-0.043711,0.152998,0.254839,-37.3212,0.000000,29.0039,0.000000,0.5,0.5,162,0,64,98,0.9400,2.0000,67,132,0,0,0,67,0.000000,0.761364,0.000000,0.000000,fixed_ta_v1
397,39700,-0.031257,1.607199,0.256216,-36.9128,0.000000,29.0003,0.000000,0.5,0.5,163,0,64,99,0.9400,2.0000,67,133,0,0,0,67,0.000000,0.761364,0.000000,0.000000,fixed_ta_v1
398,39800,-0.061993,2.738156,0.255261,-36.8049,0.000000,28.9983,0.000000,0.5,0.5,164,0,64,100,0.9400,2.0000,67,134,0,0,0,67,0.000000,0.761364,0.000000,0.000000,fixed_ta_v1
399,39900,-0.027022,4.026398,0.254989,-36.8049,0.000000,28.9983,0.000000,0.5,0.5,164,0,64,100,0.9400,2.0000,67,134,0,0,0,67,0.000000,0.761364,0.000000,0.000000,fixed_ta_v1
400,40000,0.020945,6.312041,0.254509,-38.7413,0.000000,29.4714,0.000000,0.5,0.5,165,0,65,100,0.9000,2.0000,67,136,0,0,0,67,0.000000,0.761364,0.000000,0.000000,fixed_ta_v1
401,40100,-0.008298,0.481772,0.254188,-38.7413,0.000000,29.4714,0.000000,0.5,0.5,165,0,65,100,0.9000,2.0000,67,136,0,0,0,67,0.000000,0.761364,0.000000,0.000000,fixed_ta_v1
402,40200,-0.034882,57.261698,0.254771,-41.1900,0.000000,30.0894,0.000000,0.5,0.5,167,0,67,100,0.8400,2.0000,67,140,0,0,0,67,0.000000,0.761364,0.000000,0.000000,fixed_ta_v1
403,40300,0.035424,2.373074,0.256378,-41.1900,0.000000,30.0894,0.000000,0.5,0.5,167,0,67,100,0.8400,2.0000,67,140,0,0,0,67,0.000000,0.761364,0.000000,0.000000,fixed_ta_v1
404,40400,-0.052962,24.086855,0.258245,-41.9449,0.000000,30.4822,0.000000,0.5,0.5,168,0,68,100,0.8200,2.0000,67,142,0,0,0,67,0.000000,0.752809,0.000000,0.000000,fixed_ta_v1
405,40500,-0.049268,2.741160,0.257264,-41.9449,0.000000,30.4822,0.000000,0.5,0.5,168,0,68,100,0.8200,2.0000,67,142,0,0,0,67,0.000000,0.752809,0.000000,0.000000,fixed_ta_v1
406,40600,-0.060514,1.116210,0.254891,-41.9449,0.000000,30.4822,0.000000,0.5,0.5,168,0,68,100,0.8200,2.0000,67,142,0,0,0,67,0.000000,0.744444,0.000000,0.000000,fixed_ta_v1
407,40700,-0.032984,1.845205,0.253867,-41.9449,0.000000,30.4822,0.000000,0.5,0.5,168,0,68,100,0.8200,2.0000,67,142,0,0,0,67,0.000000,0.744444,0.000000,0.000000,fixed_ta_v1
408,40800,-0.057174,1.072538,0.252473,-42.8067,0.000000,29.8160,0.000000,0.5,0.6,169,0,68,101,0.8000,2.0000,67,143,0,0,0,67,0.000000,0.744444,0.000000,0.000000,fixed_ta_v1
409,40900,0.016432,1.401013,0.252682,-42.8067,0.000000,29.8160,0.000000,0.5,0.6,169,0,68,101,0.8000,2.0000,67,143,0,0,0,67,0.000000,0.736264,0.000000,0.000000,fixed_ta_v1
410,41000,-0.026560,15.307252,0.254333,-45.2926,0.000000,28.9735,0.000000,0.5,0.6,171,0,69,102,0.7400,2.0000,68,145,0,0,0,68,0.000000,0.747253,0.000000,0.000000,fixed_ta_v1
411,41100,0.106615,3.487839,0.256672,-45.2926,0.000000,28.9735,0.000000,0.5,0.6,171,0,69,102,0.7400,2.0000,68,145,0,0,0,68,0.000000,0.747253,0.000000,0.000000,fixed_ta_v1
412,41200,-0.017244,33.898577,0.259906,-46.3212,0.000000,29.3282,0.000000,0.5,0.6,172,0,70,102,0.7200,2.0000,68,147,0,0,0,68,0.000000,0.739130,0.000000,0.000000,fixed_ta_v1
413,41300,-0.043079,4.683751,0.261066,-46.5373,0.000000,29.4914,0.000000,0.5,0.6,173,0,71,102,0.7200,2.0000,69,148,0,0,0,69,0.000000,0.750000,0.000000,0.000000,fixed_ta_v1
414,41400,-0.046618,39.875099,0.260071,-48.2443,0.000000,29.0542,0.000000,0.5,0.6,174,0,72,102,0.6800,2.0000,69,150,0,0,0,69,0.000000,0.741935,0.000000,0.000000,fixed_ta_v1
415,41500,-0.055511,0.465361,0.259289,-48.2443,0.000000,29.0542,0.000000,0.5,0.6,174,0,72,102,0.6800,2.0000,69,150,0,0,0,69,0.000000,0.741935,0.000000,0.000000,fixed_ta_v1
416,41600,-0.045018,0.236109,0.258732,-48.2443,0.000000,29.0542,0.000000,0.5,0.6,174,0,72,102,0.6800,2.0000,69,150,0,0,0,69,0.000000,0.741935,0.000000,0.000000,fixed_ta_v1
417,41700,-0.040762,42.769448,0.258367,-49.7606,0.000000,28.3684,0.000000,0.5,0.6,175,0,73,102,0.6400,2.0000,69,152,0,0,0,69,0.000000,0.741935,0.000000,0.000000,fixed_ta_v1
418,41800,0.002201,0.888240,0.259698,-50.3588,0.000000,27.5834,0.000000,0.5,0.6,176,0,73,103,0.6200,2.0000,69,153,0,0,0,69,0.000000,0.741935,0.000000,0.000000,fixed_ta_v1
419,41900,0.023972,35.262876,0.261377,-51.2961,0.000000,27.6698,0.000000,0.5,0.5,177,0,74,103,0.6000,2.0000,69,155,0,0,0,69,0.000000,0.741935,0.000000,0.000000,fixed_ta_v1
420,42000,-0.015621,24.912648,0.261853,-51.3689,0.000000,27.7368,0.000000,0.5,0.6,178,0,75,103,0.6000,2.0000,69,157,0,0,0,69,0.000000,0.734043,0.000000,0.000000,fixed_ta_v1
421,42100,-0.006198,33.570432,0.261658,-52.2827,0.000000,27.7796,0.000000,0.5,0.5,179,0,76,103,0.5800,2.0000,69,159,0,0,0,69,0.000000,0.734043,0.000000,0.000000,fixed_ta_v1
422,42200,-0.027768,12.357445,0.262829,-52.3863,0.000000,27.8899,0.000000,0.5,0.5,180,0,77,103,0.5800,2.0000,69,161,0,0,0,69,0.000000,0.734043,0.000000,0.000000,fixed_ta_v1
423,42300,-0.047947,27.209312,0.263328,-52.3752,0.000000,27.8807,0.000000,0.5,0.5,181,0,78,103,0.5800,2.0000,69,163,0,0,0,69,0.000000,0.734043,0.000000,0.000000,fixed_ta_v1
424,42400,-0.033798,19.339773,0.262368,-52.6240,0.000000,28.1462,0.000000,0.5,0.5,182,0,79,103,0.5800,2.0000,69,165,0,0,0,69,0.000000,0.734043,0.000000,0.000000,fixed_ta_v1
425,42500,-0.021146,32.474939,0.263938,-54.1210,0.000000,27.5031,0.000000,0.5,0.5,183,0,80,103,0.5400,2.0000,69,167,0,0,0,69,0.000000,0.734043,0.000000,0.000000,fixed_ta_v1
426,42600,-0.009198,24.238529,0.267760,-54.5238,0.000000,27.8226,0.000000,0.5,0.5,184,0,81,103,0.5400,2.0000,69,169,0,0,0,69,0.000000,0.734043,0.000000,0.000000,fixed_ta_v1
427,42700,-0.039318,27.437320,0.270114,-55.3645,0.000000,28.0083,0.000000,0.5,0.5,185,0,82,103,0.5200,2.0000,69,171,0,0,0,69,0.000000,0.734043,0.000000,0.000000,fixed_ta_v1
428,42800,-0.032488,17.938825,0.270969,-55.7107,0.000000,28.3068,0.000000,0.5,0.5,186,0,83,103,0.5200,2.0000,69,173,0,0,0,69,0.000000,0.734043,0.000000,0.000000,fixed_ta_v1
429,42900,-0.024234,2.488122,0.269801,-56.6548,0.000000,28.3837,0.000000,0.5,0.5,187,0,84,103,0.5000,2.0000,69,175,0,0,0,69,0.000000,0.734043,0.000000,0.000000,fixed_ta_v1
430,43000,-0.055225,31.558537,0.268667,-57.8106,0.000000,28.2363,0.000000,0.5,0.4,189,0,86,103,0.4800,2.0000,69,179,0,0,0,69,0.000000,0.734043,0.000000,0.000000,fixed_ta_v1
431,43100,-0.049244,0.101390,0.265622,-57.8106,0.000000,28.2363,0.000000,0.5,0.4,189,0,86,103,0.4800,2.0000,69,179,0,0,0,69,0.000000,0.734043,0.000000,0.000000,fixed_ta_v1
432,43200,-0.037915,31.859752,0.264988,-57.9574,0.000000,28.3260,0.000000,0.5,0.3,191,0,88,103,0.4800,2.0000,69,183,0,0,0,69,0.000000,0.734043,0.000000,0.000000,fixed_ta_v1
433,43300,-0.008943,0.211412,0.264206,-57.9574,0.000000,28.3260,0.000000,0.5,0.3,191,0,88,103,0.4800,2.0000,69,183,0,0,0,69,0.000000,0.734043,0.000000,0.000000,fixed_ta_v1
434,43400,-0.042296,43.180639,0.262822,-58.3892,0.000000,28.4884,0.000000,0.5,0.3,193,0,90,103,0.4800,2.0000,69,187,0,0,0,69,0.000000,0.734043,0.000000,0.000000,fixed_ta_v1
435,43500,0.000844,5.013933,0.260977,-58.3892,0.000000,28.4884,0.000000,0.5,0.3,193,0,90,103,0.4800,2.0000,69,187,0,0,0,69,0.000000,0.734043,0.000000,0.000000,fixed_ta_v1
436,43600,-0.026367,23.523880,0.263138,-60.2773,0.000000,28.1549,0.000000,0.5,0.2,195,0,92,103,0.4400,2.0000,69,191,0,0,0,69,0.000000,0.734043,0.000000,0.000000,fixed_ta_v1
437,43700,-0.006734,38.832422,0.264471,-62.3284,0.000000,27.1336,0.000000,0.5,0.3,196,0,93,103,0.4000,2.0000,69,193,0,0,0,69,0.000000,0.726316,0.000000,0.000000,fixed_ta_v1
438,43800,0.002550,27.107978,0.264319,-62.4268,0.000000,27.1979,0.000000,0.5,0.2,197,0,94,103,0.4000,2.0000,69,195,0,0,0,69,0.000000,0.726316,0.000000,0.000000,fixed_ta_v1
439,43900,-0.024976,18.635197,0.267298,-62.8592,0.000000,27.4401,0.000000,0.5,0.2,198,0,95,103,0.4000,2.0000,69,197,0,0,0,69,0.000000,0.718750,0.000000,0.000000,fixed_ta_v1
440,44000,-0.028769,17.548781,0.268309,-62.8162,0.000000,27.4157,0.000000,0.5,0.2,199,0,96,103,0.4000,2.0000,69,199,0,0,0,69,0.000000,0.718750,0.000000,0.000000,fixed_ta_v1
441,44100,-0.006280,26.647930,0.266093,-63.5478,0.000000,27.4137,0.000000,0.5,0.2,200,0,97,103,0.3800,2.0000,69,201,0,0,0,69,0.000000,0.718750,0.000000,0.000000,fixed_ta_v1
442,44200,-0.015834,19.337399,0.265872,-65.9925,0.000000,25.5580,0.000000,0.5,0.2,202,0,99,103,0.3200,2.0000,69,205,0,0,0,69,0.000000,0.711340,0.000000,0.000000,fixed_ta_v1
443,44300,-0.027786,12.882121,0.266389,-65.9925,0.000000,25.5580,0.000000,0.5,0.2,202,0,99,103,0.3200,2.0000,69,205,0,0,0,69,0.000000,0.711340,0.000000,0.000000,fixed_ta_v1
444,44400,-0.043676,20.351423,0.263630,-67.3346,0.000000,24.9474,0.000000,0.0,0.2,204,0,101,103,0.3000,2.0000,69,209,0,0,0,69,0.000000,0.711340,0.000000,0.000000,fixed_ta_v1
445,44500,0.005936,20.018817,0.260416,-67.3346,0.000000,24.9474,0.000000,0.0,0.2,204,0,101,103,0.3000,2.0000,69,209,0,0,0,69,0.000000,0.711340,0.000000,0.000000,fixed_ta_v1
446,44600,-0.041603,30.418303,0.259351,-69.9417,0.000000,22.3700,0.000000,0.0,0.3,206,0,103,103,0.2400,2.0000,69,213,0,0,0,69,0.000000,0.704082,0.000000,0.000000,fixed_ta_v1
447,44700,-0.019457,23.393069,0.261135,-71.7844,0.000000,20.4177,0.000000,0.0,0.3,207,0,104,103,0.2000,2.0000,69,215,0,0,0,69,0.000000,0.704082,0.000000,0.000000,fixed_ta_v1
448,44800,-0.043221,10.809826,0.262951,-73.2060,0.000000,17.5305,0.000000,0.0,0.3,208,0,105,103,0.1600,2.0000,69,217,0,0,0,69,0.000000,0.704082,0.000000,0.000000,fixed_ta_v1
449,44900,-0.051188,32.190015,0.260629,-74.9525,0.000000,16.3472,0.000000,0.0,0.3,210,0,107,103,0.1200,2.0000,69,221,0,0,0,69,0.000000,0.696970,0.000000,0.000000,fixed_ta_v1
450,45000,0.003864,2.304979,0.257541,-74.9525,0.000000,16.3472,0.000000,0.0,0.3,210,0,107,103,0.1200,2.0000,69,221,0,0,0,69,0.000000,0.696970,0.000000,0.000000,fixed_ta_v1
451,45100,-0.045486,27.055054,0.257246,-76.1905,0.000000,15.2738,0.000000,0.0,0.2,212,0,109,103,0.1000,2.0000,69,225,0,0,0,69,0.000000,0.696970,0.000000,0.000000,fixed_ta_v1
452,45200,-0.019486,19.003772,0.257247,-77.3547,0.000000,13.6221,0.000000,0.0,0.2,213,0,110,103,0.0800,2.0000,69,227,0,0,0,69,0.000000,0.690000,0.000000,0.000000,fixed_ta_v1
453,45300,-0.035938,13.829976,0.254202,-78.0945,0.000000,12.2167,0.000000,0.0,0.2,214,0,111,103,0.0600,2.0000,69,229,0,0,0,69,0.000000,0.690000,0.000000,0.000000,fixed_ta_v1
454,45400,-0.026471,37.520697,0.252632,-77.7836,0.000000,12.0145,0.000000,0.0,0.3,216,0,113,103,0.0600,2.0000,69,233,0,0,0,69,0.000000,0.683168,0.000000,0.000000,fixed_ta_v1
455,45500,-0.016318,0.456724,0.253020,-77.7836,0.000000,12.0145,0.000000,0.0,0.3,216,0,113,103,0.0600,2.0000,69,233,0,0,0,69,0.000000,0.683168,0.000000,0.000000,fixed_ta_v1
456,45600,-0.045238,26.066010,0.254626,-77.7240,0.000000,12.0315,0.000000,0.0,0.3,218,0,115,103,0.0600,2.0000,69,237,0,0,0,69,0.000000,0.676471,0.000000,0.000000,fixed_ta_v1
457,45700,0.012343,20.852408,0.255603,-77.7240,0.000000,12.0315,0.000000,0.0,0.3,218,0,115,103,0.0600,2.0000,69,237,0,0,0,69,0.000000,0.669903,0.000000,0.000000,fixed_ta_v1
458,45800,-0.035601,10.896871,0.255946,-78.2810,0.000000,10.8536,0.000000,0.0,0.3,220,0,117,103,0.0400,2.0000,69,241,0,0,0,69,0.000000,0.669903,0.000000,0.000000,fixed_ta_v1
459,45900,-0.035566,19.912327,0.255130,-79.1824,0.000000,9.6654,0.000000,0.0,0.3,221,0,118,103,0.0200,2.0000,69,243,0,0,0,69,0.000000,0.663462,0.000000,0.000000,fixed_ta_v1
460,46000,-0.039238,11.130662,0.254731,-79.1317,0.000000,9.6594,0.000000,0.0,0.3,222,0,119,103,0.0200,2.0000,69,245,0,0,0,69,0.000000,0.663462,0.000000,0.000000,fixed_ta_v1
461,46100,-0.041902,38.599855,0.255401,-79.2024,0.000000,9.7248,0.000000,0.0,0.3,224,0,121,103,0.0200,2.0000,69,249,0,0,0,69,0.000000,0.644860,0.000000,0.000000,fixed_ta_v1
462,46200,-0.009654,0.424762,0.256309,-79.2024,0.000000,9.7248,0.000000,0.0,0.3,224,0,121,103,0.0200,2.0000,69,249,0,0,0,69,0.000000,0.638889,0.000000,0.000000,fixed_ta_v1
463,46300,-0.039026,34.930882,0.256620,-80.6259,0.000000,6.5259,0.000000,0.0,0.3,226,0,123,103,0.0000,2.0000,69,253,0,0,0,69,0.000000,0.638889,0.000000,0.000000,fixed_ta_v1
464,46400,-0.029726,16.906957,0.256793,-80.6692,0.000000,6.5076,0.000000,0.0,0.3,227,0,124,103,0.0000,2.0000,69,255,0,0,0,69,0.000000,0.633028,0.000000,0.000000,fixed_ta_v1
465,46500,-0.009922,15.960322,0.257904,-80.6613,0.000000,6.5102,0.000000,0.0,0.3,228,0,125,103,0.0000,2.0000,69,257,0,0,0,69,0.000000,0.627273,0.000000,0.000000,fixed_ta_v1
466,46600,-0.036933,17.788104,0.259510,-80.8199,0.000000,6.4906,0.000000,0.0,0.3,229,0,126,103,0.0000,2.0000,69,259,0,0,0,69,0.000000,0.627273,0.000000,0.000000,fixed_ta_v1
467,46700,-0.023892,11.071011,0.259523,-80.7695,0.000000,6.4713,0.000000,0.0,0.3,230,0,127,103,0.0000,2.0000,69,261,0,0,0,69,0.000000,0.621622,0.000000,0.000000,fixed_ta_v1
468,46800,-0.040428,33.751763,0.259095,-80.6295,0.000000,6.3823,0.000000,0.0,0.4,232,0,129,103,0.0000,2.0000,69,265,0,0,0,69,0.000000,0.616071,0.000000,0.000000,fixed_ta_v1
469,46900,-0.019628,0.781825,0.257949,-80.6295,0.000000,6.3823,0.000000,0.0,0.4,232,0,129,103,0.0000,2.0000,69,265,0,0,0,69,0.000000,0.616071,0.000000,0.000000,fixed_ta_v1
470,47000,-0.034328,38.745853,0.258014,-80.2928,0.000000,6.5181,0.000000,0.0,0.4,234,0,131,103,0.0000,2.0000,69,269,0,0,0,69,0.000000,0.610619,0.000000,0.000000,fixed_ta_v1
471,47100,-0.030146,2.470017,0.259028,-80.2928,0.000000,6.5181,0.000000,0.0,0.4,234,0,131,103,0.0000,2.0000,69,269,0,0,0,69,0.000000,0.600000,0.000000,0.000000,fixed_ta_v1
472,47200,-0.044574,9.193978,0.260572,-80.5399,0.000000,6.7998,0.000000,0.0,0.4,236,0,133,103,0.0000,2.0000,69,273,0,0,0,69,0.000000,0.594828,0.000000,0.000000,fixed_ta_v1
473,47300,0.022641,48.245127,0.265109,-80.5375,0.000000,6.7993,0.000000,0.0,0.5,237,0,134,103,0.0000,2.0000,69,275,0,0,0,69,0.000000,0.589744,0.000000,0.000000,fixed_ta_v1
474,47400,-0.029268,4.616967,0.267291,-80.2876,0.000000,7.0054,0.000000,0.0,0.5,238,0,135,103,0.0000,2.0000,70,276,0,0,0,70,0.000000,0.593220,0.000000,0.000000,fixed_ta_v1
475,47500,-0.041198,22.182072,0.267648,-80.2876,0.000000,7.0054,0.000000,0.0,0.5,238,0,135,103,0.0000,2.0000,70,276,0,0,0,70,0.000000,0.588235,0.000000,0.000000,fixed_ta_v1
476,47600,-0.041764,18.636373,0.264469,-80.4247,0.000000,6.9937,0.000000,0.0,0.5,240,0,137,103,0.0000,2.0000,70,280,0,0,0,70,0.000000,0.588235,0.000000,0.000000,fixed_ta_v1
477,47700,-0.051428,34.010220,0.264647,-80.4247,0.000000,6.9937,0.000000,0.0,0.5,240,0,137,103,0.0000,2.0000,70,280,0,0,0,70,0.000000,0.588235,0.000000,0.000000,fixed_ta_v1
478,47800,-0.019804,2.480989,0.265160,-80.3597,0.000000,7.0584,0.000000,0.0,0.5,241,0,138,103,0.0000,2.0000,71,281,0,0,0,71,0.000000,0.591667,0.000000,0.000000,fixed_ta_v1
479,47900,-0.029139,0.778923,0.263577,-80.5116,0.000000,6.9694,0.000000,0.0,0.5,242,0,139,103,0.0000,2.0000,71,283,0,0,0,71,0.000000,0.586777,0.000000,0.000000,fixed_ta_v1
480,48000,-0.050213,38.039781,0.261746,-80.3955,0.000000,7.0263,0.000000,0.0,0.5,244,0,141,103,0.0000,2.0000,71,287,0,0,0,71,0.000000,0.586777,0.000000,0.000000,fixed_ta_v1
481,48100,-0.031186,16.108688,0.260379,-80.3955,0.000000,7.0263,0.000000,0.0,0.5,244,0,141,103,0.0000,2.0000,71,287,0,0,0,71,0.000000,0.581967,0.000000,0.000000,fixed_ta_v1
482,48200,-0.038691,17.157865,0.258408,-80.2586,0.000000,6.4475,0.000000,0.0,0.5,246,0,143,103,0.0000,2.0000,71,291,0,0,0,71,0.000000,0.581967,0.000000,0.000000,fixed_ta_v1
483,48300,-0.029036,37.166202,0.257558,-79.9256,0.000000,6.3438,0.000000,0.0,0.5,248,0,145,103,0.0000,2.0000,71,295,0,0,0,71,0.000000,0.581967,0.000000,0.000000,fixed_ta_v1
484,48400,-0.028295,1.251982,0.259204,-79.9256,0.000000,6.3438,0.000000,0.0,0.5,248,0,145,103,0.0000,2.0000,71,295,0,0,0,71,0.000000,0.581967,0.000000,0.000000,fixed_ta_v1
485,48500,-0.050534,34.537081,0.258822,-79.9062,0.000000,6.3515,0.000000,0.0,0.5,250,0,147,103,0.0000,2.0000,71,299,0,0,0,71,0.000000,0.577236,0.000000,0.000000,fixed_ta_v1
486,48600,-0.046446,0.792862,0.257619,-79.9062,0.000000,6.3515,0.000000,0.0,0.5,250,0,147,103,0.0000,2.0000,71,299,0,0,0,71,0.000000,0.572581,0.000000,0.000000,fixed_ta_v1
487,48700,-0.038276,11.855358,0.259972,-80.0112,0.000000,6.2770,0.000000,0.0,0.5,252,0,149,103,0.0000,2.0000,71,303,0,0,0,71,0.000000,0.572581,0.000000,0.000000,fixed_ta_v1
488,48800,-0.038030,28.207701,0.263555,-80.0112,0.000000,6.2770,0.000000,0.0,0.5,252,0,149,103,0.0000,2.0000,71,303,0,0,0,71,0.000000,0.572581,0.000000,0.000000,fixed_ta_v1
489,48900,-0.048215,0.416582,0.264435,-80.0334,0.000000,6.2988,0.000000,0.0,0.5,254,0,151,103,0.0000,2.0000,71,307,0,0,0,71,0.000000,0.572581,0.000000,0.000000,fixed_ta_v1
490,49000,-0.023740,19.863629,0.263198,-80.3773,0.000000,6.1637,0.000000,0.0,0.6,255,0,152,103,0.0000,2.0000,71,309,0,0,0,71,0.000000,0.568000,0.000000,0.000000,fixed_ta_v1
491,49100,-0.039299,11.637683,0.260639,-80.1608,0.000000,5.9790,0.000000,0.0,0.5,256,0,153,103,0.0000,2.0000,71,311,0,0,0,71,0.000000,0.568000,0.000000,0.000000,fixed_ta_v1
492,49200,-0.043822,13.501013,0.259479,-80.1608,0.000000,5.9790,0.000000,0.0,0.5,256,0,153,103,0.0000,2.0000,71,311,0,0,0,71,0.000000,0.568000,0.000000,0.000000,fixed_ta_v1
493,49300,-0.044125,10.298477,0.259223,-79.8033,0.000000,5.6505,0.000000,0.0,0.5,257,0,154,103,0.0000,2.0000,71,313,0,0,0,71,0.000000,0.568000,0.000000,0.000000,fixed_ta_v1
494,49400,-0.047934,0.651452,0.258293,-79.8918,0.000000,5.5217,0.000000,0.0,0.5,258,0,155,103,0.0000,2.0000,71,315,0,0,0,71,0.000000,0.568000,0.000000,0.000000,fixed_ta_v1
495,49500,-0.037121,23.305303,0.256677,-79.7214,0.000000,5.4124,0.000000,0.0,0.5,260,0,157,103,0.0000,2.0000,71,319,0,0,0,71,0.000000,0.563492,0.000000,0.000000,fixed_ta_v1
496,49600,-0.060104,0.356054,0.258736,-79.7214,0.000000,5.4124,0.000000,0.0,0.5,260,0,157,103,0.0000,2.0000,71,319,0,0,0,71,0.000000,0.563492,0.000000,0.000000,fixed_ta_v1
497,49700,-0.053322,26.211478,0.260593,-79.5084,0.000000,5.3617,0.000000,0.0,0.5,261,0,158,103,0.0000,2.0000,71,321,0,0,0,71,0.000000,0.563492,0.000000,0.000000,fixed_ta_v1
498,49800,-0.043278,1.742349,0.260555,-79.5494,0.000000,5.3171,0.000000,0.0,0.5,262,0,159,103,0.0000,2.0000,71,323,0,0,0,71,0.000000,0.563492,0.000000,0.000000,fixed_ta_v1
499,49900,-0.044291,19.929712,0.257571,-79.4062,0.000000,5.2541,0.000000,0.0,0.5,263,0,160,103,0.0000,2.0000,71,325,0,0,0,71,0.000000,0.563492,0.000000,0.000000,fixed_ta_v1
500,50000,-0.035364,36.383415,0.257645,-79.5758,0.000000,5.1375,0.000000,0.0,0.5,264,0,161,103,0.0000,2.0000,71,327,0,0,0,71,0.000000,0.559055,0.000000,0.000000,fixed_ta_v1
