Iteration,Step,ActorLoss,CriticLoss,Entropy,RedMeanReward,RedWinRate,RedRewardStd,WinRateRecent,RedMissiles,BlueMissiles,Episodes,RedWins,BlueWins,Draws,RedAliveMean,BlueAliveMean,RedDeathsMissile,RedDeathsCrash,BlueDeathsMissile,BlueDeathsCrash,RedMissileHits,BlueMissileHits,RedMissileHitRate,BlueMissileHitRate,KD_Red,RWR,RewardVersion,ActionStdMean,ActionStdMin,ActionStdMax,ActionLogStdMean,LaunchDiagRedGeometryOk,LaunchDiagBlueGeometryOk,LaunchDiagRedLaunches,LaunchDiagBlueLaunches,LaunchDiagRedRangeOk,LaunchDiagRedAoOk,LaunchDiagRedTaOk,LaunchDiagBlueRangeOk,LaunchDiagBlueAoOk,LaunchDiagBlueTaOk,LaunchDiagRedEngagedBlocked,LaunchDiagBlueEngagedBlocked,LaunchDiagRedCooldownBlocked,LaunchDiagBlueCooldownBlocked,LaunchDiagRedKillCooldownBlocked,LaunchDiagBlueKillCooldownBlocked,LaunchDiagRedLockMature,LaunchDiagBlueLockMature,RedGeometryToLaunchRate,BlueGeometryToLaunchRate,RedRangeToGeometryRate,BlueRangeToGeometryRate,RedLaunchRangeMean,RedLaunchRangeP25,RedLaunchRangeP50,RedLaunchRangeP75,RedLaunchAoDegMean,RedLaunchAoDegP50,RedLaunchTaDegMean,RedLaunchTaDegP50,RedLaunchClosingSpeedMean,RedLaunchAltitudeDiffAbsMean,RedLaunchHitRateFromQualityRecords,BlueLaunchRangeMean,BlueLaunchRangeP25,BlueLaunchRangeP50,BlueLaunchRangeP75,BlueLaunchAoDegMean,BlueLaunchAoDegP50,BlueLaunchTaDegMean,BlueLaunchTaDegP50,BlueLaunchClosingSpeedMean,BlueLaunchAltitudeDiffAbsMean,BlueLaunchHitRateFromQualityRecords,RedActionRawAbsMean,RedActionRawClipFrac,RedActionClampedFrac,RedActionRawClipFracPitch,RedActionRawClipFracHeading,RedActionRawClipFracVelocity
1,2000,-0.020198,14.625265,0.219245,-126.0166,0.000000,5.2423,0.000000,0.0,4.0,9,0,9,0,0.0000,3.0000,27,0,0,0,0,27,0.000000,0.586957,0.000000,0.000000,fixed_ta_alt_eq17_3dlos_v1,0.302577,0.302238,0.302949,-1.195421,0,851,0,46,155324,45620,2936,84690,73180,12909,0,71722,0,49,0,0,0,95,0.000000,0.054054,0.000000,0.010048,0.000000,0.000000,0.000000,0.000000,0.000000,0.000000,0.000000,0.000000,0.000000,0.000000,0.000000,4941.648124,4528.275126,4982.333374,5381.520191,24.457858,22.172662,106.048814,93.422157,204.311360,887.427652,0.743590,0.260011,0.002210,0.002210,0.002971,0.000914,0.002743
2,4000,-0.020488,12.780671,0.226446,-125.6008,0.000000,4.3682,0.000000,0.0,3.9,20,0,20,0,0.0000,3.0000,60,0,0,0,0,60,0.000000,0.689655,0.000000,0.000000,fixed_ta_alt_eq17_3dlos_v1,0.304460,0.303927,0.305095,-1.189218,0,839,0,41,142058,36421,1549,73620,59413,15371,0,68438,0,89,0,0,0,130,0.000000,0.048868,0.000000,0.011396,0.000000,0.000000,0.000000,0.000000,0.000000,0.000000,0.000000,0.000000,0.000000,0.000000,0.000000,4782.582835,4538.022406,4867.263563,5131.385480,26.068395,23.142838,108.228934,94.393014,188.973584,911.753278,0.755556,0.261920,0.002180,0.002180,0.003270,0.000755,0.002516
3,6000,-0.024617,9.102865,0.230794,-125.1194,0.000000,4.8895,0.000000,0.0,3.9,28,0,28,0,0.0000,3.0000,83,1,0,0,0,83,0.000000,0.664000,0.000000,0.000000,fixed_ta_alt_eq17_3dlos_v1,0.305119,0.302959,0.306475,-1.187067,0,719,0,38,134355,32973,13953,69465,52559,25945,0,64890,0,18,0,0,0,56,0.000000,0.052851,0.000000,0.010351,0.000000,0.000000,0.000000,0.000000,0.000000,0.000000,0.000000,0.000000,0.000000,0.000000,0.000000,4812.888065,4574.350196,4899.738901,5362.360117,27.638359,25.006946,111.712783,93.549175,163.732546,1074.624239,0.700000,0.261687,0.001828,0.001828,0.002991,0.000748,0.001745
4,8000,-0.020349,8.976297,0.235581,-124.7401,0.000000,5.3186,0.000000,0.0,3.9,39,0,39,0,0.0000,3.0000,115,2,0,0,0,115,0.000000,0.688623,0.000000,0.000000,fixed_ta_alt_eq17_3dlos_v1,0.307410,0.305094,0.309577,-1.179591,0,796,0,42,144407,43227,5589,80673,68199,18730,0,63734,0,22,0,0,0,64,0.000000,0.052764,0.000000,0.009867,0.000000,0.000000,0.000000,0.000000,0.000000,0.000000,0.000000,0.000000,0.000000,0.000000,0.000000,4506.451358,4082.516699,4597.132554,5136.481971,27.255540,23.639990,106.363731,94.041974,183.503315,1064.321427,0.789474,0.261295,0.002005,0.002005,0.001925,0.001444,0.002647
5,10000,-0.020393,7.062031,0.241239,-124.0868,0.000000,5.1933,0.000000,0.0,3.9,52,0,52,0,0.0000,3.0000,154,2,0,0,0,154,0.000000,0.723005,0.000000,0.000000,fixed_ta_alt_eq17_3dlos_v1,0.308352,0.306303,0.311641,-1.176541,0,911,0,46,160258,48322,3474,87490,77104,11519,0,72768,0,69,0,0,0,115,0.000000,0.050494,0.000000,0.010413,0.000000,0.000000,0.000000,0.000000,0.000000,0.000000,0.000000,0.000000,0.000000,0.000000,0.000000,4674.506752,4371.512760,4698.835844,5111.055050,24.980392,23.181249,103.068613,93.511798,209.050205,984.057980,0.804348,0.266759,0.002082,0.002082,0.003347,0.001562,0.001339
6,12000,-0.022185,7.884020,0.243504,-123.4195,0.000000,5.0118,0.000000,0.0,3.8,64,0,64,0,0.0000,3.0000,189,3,0,0,0,189,0.000000,0.750000,0.000000,0.000000,fixed_ta_alt_eq17_3dlos_v1,0.308913,0.306285,0.311989,-1.174726,0,699,0,39,149232,42783,6029,86076,66920,20157,0,63156,0,29,0,1,0,69,0.000000,0.055794,0.000000,0.008121,0.000000,0.000000,0.000000,0.000000,0.000000,0.000000,0.000000,0.000000,0.000000,0.000000,0.000000,4410.822758,3967.210440,4397.559618,4953.130515,30.194965,29.232778,111.342081,94.541427,153.922892,1232.361224,0.790698,0.269183,0.003114,0.003114,0.004072,0.002156,0.003114
7,14000,-0.020771,9.094787,0.244439,-122.4507,0.000000,4.8496,0.000000,0.0,3.7,77,0,77,0,0.0000,3.0000,227,4,0,0,0,227,0.000000,0.761745,0.000000,0.000000,fixed_ta_alt_eq17_3dlos_v1,0.309057,0.306563,0.312842,-1.174267,0,930,0,46,160621,53602,5055,95088,84925,11613,0,65533,0,41,0,0,0,87,0.000000,0.049462,0.000000,0.009780,0.000000,0.000000,0.000000,0.000000,0.000000,0.000000,0.000000,0.000000,0.000000,0.000000,0.000000,4223.806387,3568.440476,4353.227271,4761.792410,27.919812,26.199839,102.472714,93.668284,197.688272,1161.124895,0.860465,0.267412,0.002893,0.002893,0.003561,0.002003,0.003116
8,16000,-0.022032,8.928370,0.246591,-121.7643,0.000000,4.3525,0.000000,0.0,3.6,89,0,89,0,0.0000,3.0000,261,6,0,0,0,261,0.000000,0.763158,0.000000,0.000000,fixed_ta_alt_eq17_3dlos_v1,0.310288,0.305685,0.315689,-1.170341,0,756,0,44,162849,58039,6633,100102,87207,14068,0,62747,0,32,0,0,0,76,0.000000,0.058201,0.000000,0.007552,0.000000,0.000000,0.000000,0.000000,0.000000,0.000000,0.000000,0.000000,0.000000,0.000000,0.000000,4253.059490,3949.691816,4240.661246,4825.746873,26.765191,25.318092,100.512255,93.714795,200.484302,1230.173437,0.871795,0.268061,0.003076,0.003076,0.005492,0.002417,0.001318
9,18000,-0.021789,8.812931,0.250571,-121.8633,0.000000,4.6310,0.000000,0.0,3.6,101,0,101,0,0.0000,3.0000,297,6,0,0,0,297,0.000000,0.769430,0.000000,0.000000,fixed_ta_alt_eq17_3dlos_v1,0.311426,0.307078,0.316924,-1.166678,0,762,0,44,158214,50974,6047,92486,77911,15812,0,65728,0,30,0,0,0,74,0.000000,0.057743,0.000000,0.008239,0.000000,0.000000,0.000000,0.000000,0.000000,0.000000,0.000000,0.000000,0.000000,0.000000,0.000000,4209.006273,3404.461059,4477.056686,4880.149524,29.093690,26.864826,106.829690,94.071073,175.324451,1264.929033,0.787234,0.271759,0.003390,0.003390,0.004972,0.003390,0.001808
10,20000,-0.025725,8.131002,0.253384,-121.4787,0.000000,4.8603,0.000000,0.0,3.6,112,0,112,0,0.0000,3.0000,329,7,0,0,0,329,0.000000,0.772300,0.000000,0.000000,fixed_ta_alt_eq17_3dlos_v1,0.311886,0.307376,0.317009,-1.165198,0,699,0,40,150989,46294,7299,87460,68888,19556,0,63529,0,14,0,0,0,54,0.000000,0.057225,0.000000,0.007992,0.000000,0.000000,0.000000,0.000000,0.000000,0.000000,0.000000,0.000000,0.000000,0.000000,0.000000,4173.872405,3562.962153,4316.736650,4834.076424,28.617417,24.282671,107.444142,94.497041,162.833801,1354.702407,0.750000,0.274647,0.003631,0.003631,0.004973,0.002368,0.003552
11,22000,-0.025483,8.074650,0.255844,-121.4661,0.000000,4.6574,0.000000,0.0,3.6,124,0,124,0,0.0000,3.0000,364,8,0,0,0,364,0.000000,0.774468,0.000000,0.000000,fixed_ta_alt_eq17_3dlos_v1,0.313337,0.308067,0.319536,-1.160589,0,864,0,44,153051,50361,3665,89359,78485,12228,0,63692,0,41,0,0,0,85,0.000000,0.050926,0.000000,0.009669,0.000000,0.000000,0.000000,0.000000,0.000000,0.000000,0.000000,0.000000,0.000000,0.000000,0.000000,4176.239704,3509.417983,4108.628288,4970.197408,29.478402,27.121026,103.258907,93.758265,192.036075,1225.654674,0.804878,0.275184,0.004204,0.004204,0.004437,0.004671,0.003503
12,24000,-0.020830,9.281180,0.259495,-121.9917,0.000000,4.7283,0.000000,0.0,3.7,136,0,136,0,0.0000,3.0000,399,9,0,0,0,399,0.000000,0.777778,0.000000,0.000000,fixed_ta_alt_eq17_3dlos_v1,0.313845,0.308315,0.320480,-1.158985,0,784,0,43,159945,51761,5242,95207,81472,14891,0,64738,0,56,0,0,0,99,0.000000,0.054847,0.000000,0.008235,0.000000,0.000000,0.000000,0.000000,0.000000,0.000000,0.000000,0.000000,0.000000,0.000000,0.000000,4120.943419,3363.884742,4061.181009,4859.988454,28.857322,27.932780,103.018832,93.527062,187.862989,1201.052961,0.804348,0.276842,0.004171,0.004171,0.004916,0.002905,0.004693
13,26000,-0.023487,7.231293,0.262200,-122.0389,0.000000,4.6959,0.000000,0.0,3.7,147,0,147,0,0.0000,3.0000,430,11,0,0,0,430,0.000000,0.781818,0.000000,0.000000,fixed_ta_alt_eq17_3dlos_v1,0.315266,0.309786,0.320168,-1.154431,0,635,0,37,147252,44990,6900,88304,69960,19258,0,59403,0,26,0,0,0,63,0.000000,0.058268,0.000000,0.007191,0.000000,0.000000,0.000000,0.000000,0.000000,0.000000,0.000000,0.000000,0.000000,0.000000,0.000000,4393.053375,3922.013964,4270.765922,5084.001879,27.562274,25.690339,106.029880,93.874942,179.118503,1187.490948,0.810811,0.274737,0.003228,0.003228,0.003873,0.003873,0.001937
14,28000,-0.023145,8.132193,0.266764,-122.9089,0.000000,4.7180,0.000000,0.0,3.7,158,0,158,0,0.0000,3.0000,462,12,0,0,0,462,0.000000,0.781726,0.000000,0.000000,fixed_ta_alt_eq17_3dlos_v1,0.316528,0.310768,0.321613,-1.150444,0,864,0,41,148790,40500,4687,83258,66145,18166,0,65532,0,69,0,0,0,110,0.000000,0.047454,0.000000,0.010377,0.000000,0.000000,0.000000,0.000000,0.000000,0.000000,0.000000,0.000000,0.000000,0.000000,0.000000,4446.882692,4067.889797,4423.724882,4898.500182,28.779624,25.469360,111.021008,93.347003,160.179316,1233.897591,0.756098,0.276772,0.003365,0.003365,0.005529,0.001442,0.003125
15,30000,-0.025980,8.984924,0.268144,-122.6986,0.000000,4.4974,0.000000,0.0,3.7,169,0,169,0,0.0000,3.0000,494,13,0,0,0,494,0.000000,0.776730,0.000000,0.000000,fixed_ta_alt_eq17_3dlos_v1,0.316285,0.311392,0.320486,-1.151182,0,834,0,45,164483,51053,6355,98622,83629,15845,0,65861,0,45,0,0,0,90,0.000000,0.053957,0.000000,0.008457,0.000000,0.000000,0.000000,0.000000,0.000000,0.000000,0.000000,0.000000,0.000000,0.000000,0.000000,4292.606853,3693.331717,4432.750562,4896.837769,27.240232,26.288927,102.461103,93.054162,200.303080,1124.302165,0.837209,0.278173,0.003843,0.003843,0.005873,0.001958,0.003698
16,32000,-0.023932,8.856932,0.269178,-122.9545,0.000000,5.1366,0.000000,0.0,3.6,182,0,182,0,0.0000,3.0000,531,15,0,0,0,531,0.000000,0.783186,0.000000,0.000000,fixed_ta_alt_eq17_3dlos_v1,0.317098,0.312290,0.320299,-1.148604,0,730,0,42,162358,51529,7412,96204,82109,15310,0,66235,0,24,0,0,0,66,0.000000,0.057534,0.000000,0.007588,0.000000,0.000000,0.000000,0.000000,0.000000,0.000000,0.000000,0.000000,0.000000,0.000000,0.000000,4224.475104,3542.466156,4132.791447,4970.776107,31.629602,29.806174,105.903361,93.278569,179.305135,1150.496199,0.804878,0.277966,0.003525,0.003525,0.004406,0.002203,0.003966
17,34000,-0.025601,8.404840,0.270331,-122.3957,0.000000,5.3110,0.000000,0.0,3.6,193,0,193,0,0.0000,3.0000,563,16,0,0,0,563,0.000000,0.783032,0.000000,0.000000,fixed_ta_alt_eq17_3dlos_v1,0.316990,0.313266,0.319062,-1.148920,0,793,0,41,157571,49976,10467,96398,77636,19692,0,61173,0,89,0,0,0,130,0.000000,0.051702,0.000000,0.008226,0.000000,0.000000,0.000000,0.000000,0.000000,0.000000,0.000000,0.000000,0.000000,0.000000,0.000000,4132.632323,3421.201121,4317.422322,4823.934634,28.769983,28.207855,104.179641,93.788742,185.054228,1176.014528,0.837209,0.274030,0.003557,0.003557,0.004086,0.002951,0.003632
18,36000,-0.026158,6.412291,0.268927,-122.9223,0.000000,5.5363,0.000000,0.0,3.6,204,0,204,0,0.0000,3.0000,591,21,0,0,0,591,0.000000,0.781746,0.000000,0.000000,fixed_ta_alt_eq17_3dlos_v1,0.316256,0.311865,0.319883,-1.151260,0,690,0,37,154922,49272,14620,102869,75507,27521,0,52875,0,44,0,0,0,81,0.000000,0.053623,0.000000,0.006708,0.000000,0.000000,0.000000,0.000000,0.000000,0.000000,0.000000,0.000000,0.000000,0.000000,0.000000,4120.592080,3518.884453,4239.868142,4816.923217,31.404707,28.708478,107.805990,94.264845,162.572001,1219.043975,0.735294,0.277555,0.004061,0.004061,0.005057,0.002759,0.004368
19,38000,-0.024071,11.521200,0.269494,-122.8154,0.000000,6.0912,0.000000,0.0,3.4,216,0,216,0,0.0000,3.0000,621,27,0,0,0,621,0.000000,0.783102,0.000000,0.000000,fixed_ta_alt_eq17_3dlos_v1,0.317644,0.313804,0.321578,-1.146876,0,706,0,37,161878,51877,13002,104758,81211,24192,0,57149,0,9,0,0,0,46,0.000000,0.052408,0.000000,0.006739,0.000000,0.000000,0.000000,0.000000,0.000000,0.000000,0.000000,0.000000,0.000000,0.000000,0.000000,4212.397919,3675.250680,4013.228309,4823.902112,27.282234,25.546007,104.363168,93.646783,187.515110,1218.110980,0.820513,0.277146,0.003464,0.003464,0.005306,0.001990,0.003095
20,40000,-0.026053,10.482765,0.275272,-122.7939,0.000000,6.2932,0.000000,0.0,3.3,228,0,228,0,0.0000,3.0000,653,31,0,0,0,653,0.000000,0.780167,0.000000,0.000000,fixed_ta_alt_eq17_3dlos_v1,0.319811,0.314962,0.324733,-1.140103,0,771,0,44,163152,52895,7951,104292,83601,21514,0,58860,0,32,0,0,0,76,0.000000,0.057069,0.000000,0.007393,0.000000,0.000000,0.000000,0.000000,0.000000,0.000000,0.000000,0.000000,0.000000,0.000000,0.000000,4117.284661,3362.156431,4201.438028,4863.529600,28.779591,26.040427,106.096574,93.645813,183.046831,1139.527746,0.833333,0.275088,0.003944,0.003944,0.006135,0.003506,0.002191
21,42000,-0.026789,8.811714,0.278919,-122.7644,0.000000,5.8498,0.000000,0.0,3.3,243,0,243,0,0.0000,3.0000,697,32,0,0,0,697,0.000000,0.795662,0.000000,0.000000,fixed_ta_alt_eq17_3dlos_v1,0.319703,0.315040,0.323247,-1.140422,0,717,0,39,158362,61541,6298,99281,86855,13534,0,59620,0,20,0,0,0,59,0.000000,0.054393,0.000000,0.007222,0.000000,0.000000,0.000000,0.000000,0.000000,0.000000,0.000000,0.000000,0.000000,0.000000,0.000000,3970.111520,3204.015129,3963.763280,4651.038479,28.416288,27.256461,102.833957,93.515871,184.216033,1310.327087,0.837209,0.284475,0.005396,0.005396,0.007644,0.002698,0.005845
22,44000,-0.030105,10.263178,0.281467,-122.4213,0.000000,6.0331,0.000000,0.0,3.2,253,0,253,0,0.0000,3.0000,721,38,0,0,0,721,0.000000,0.786260,0.000000,0.000000,fixed_ta_alt_eq17_3dlos_v1,0.321711,0.315793,0.325391,-1.134189,0,778,0,41,160027,48310,13922,103313,80044,23718,0,56714,0,14,0,0,0,55,0.000000,0.052699,0.000000,0.007531,0.000000,0.000000,0.000000,0.000000,0.000000,0.000000,0.000000,0.000000,0.000000,0.000000,0.000000,4140.037229,3773.661306,4227.454485,4794.533892,28.281407,24.905512,105.317868,94.052518,182.683472,1289.011063,0.763158,0.283430,0.004474,0.004474,0.006040,0.003132,0.004251
23,46000,-0.029166,7.230052,0.286545,-123.9145,0.000000,6.4485,0.000000,0.0,3.3,265,0,265,0,0.0000,3.0000,747,48,0,0,0,747,0.000000,0.787144,0.000000,0.000000,fixed_ta_alt_eq17_3dlos_v1,0.322700,0.315471,0.326825,-1.131158,0,554,0,32,158282,53836,20850,115853,83764,32113,0,43080,0,17,0,0,0,49,0.000000,0.057762,0.000000,0.004782,0.000000,0.000000,0.000000,0.000000,0.000000,0.000000,0.000000,0.000000,0.000000,0.000000,0.000000,4139.291827,3492.070125,4296.941933,4667.671228,30.684840,32.019351,109.222847,93.955718,149.872087,1388.821961,0.700000,0.288829,0.006308,0.006308,0.008786,0.005857,0.004280
24,48000,-0.029431,7.463136,0.290234,-123.8594,0.000000,6.1947,0.000000,0.0,3.3,274,0,274,0,0.0000,3.0000,771,51,0,0,0,771,0.000000,0.781155,0.000000,0.000000,fixed_ta_alt_eq17_3dlos_v1,0.324176,0.317321,0.328250,-1.126583,0,716,0,38,152964,43851,13761,94664,66298,28979,0,58300,0,25,0,0,0,63,0.000000,0.053073,0.000000,0.007564,0.000000,0.000000,0.000000,0.000000,0.000000,0.000000,0.000000,0.000000,0.000000,0.000000,0.000000,3960.321814,3091.999821,4072.184469,4664.869721,32.231472,33.637863,112.498682,94.833008,138.862080,1362.386762,0.729730,0.294242,0.006557,0.006557,0.009368,0.004918,0.005386
25,50000,-0.029017,7.430090,0.294701,-123.8991,0.000000,6.3441,0.000000,0.0,3.4,284,0,284,0,0.0000,3.0000,798,54,0,0,0,798,0.000000,0.781587,0.000000,0.000000,fixed_ta_alt_eq17_3dlos_v1,0.325479,0.319506,0.329334,-1.122545,0,635,0,34,144651,51165,16065,94388,73611,23776,0,50263,0,48,0,0,0,82,0.000000,0.053543,0.000000,0.006728,0.000000,0.000000,0.000000,0.000000,0.000000,0.000000,0.000000,0.000000,0.000000,0.000000,0.000000,3876.831680,3103.713329,3965.087476,4588.125277,29.163983,28.580440,105.179854,93.947498,176.303447,1346.988612,0.787879,0.291904,0.005847,0.005847,0.009988,0.004385,0.003167
26,52000,-0.030900,7.539017,0.296465,-125.0460,0.000000,6.0682,0.000000,0.0,3.4,295,0,295,0,0.0000,3.0000,826,59,0,0,0,826,0.000000,0.783681,0.000000,0.000000,fixed_ta_alt_eq17_3dlos_v1,0.325541,0.320524,0.329609,-1.122334,0,712,0,33,157289,48944,18788,103708,70803,33079,0,53581,0,18,0,0,0,51,0.000000,0.046348,0.000000,0.006865,0.000000,0.000000,0.000000,0.000000,0.000000,0.000000,0.000000,0.000000,0.000000,0.000000,0.000000,4020.750118,3116.572528,3672.541062,5054.033302,31.002952,30.333212,110.413862,95.010659,137.293883,1558.387022,0.717949,0.293195,0.006755,0.006755,0.008880,0.006603,0.004781
27,54000,-0.029632,7.621217,0.297421,-124.8849,0.000000,5.9326,0.000000,0.0,3.3,305,0,305,0,0.0000,3.0000,851,64,0,0,0,851,0.000000,0.780734,0.000000,0.000000,fixed_ta_alt_eq17_3dlos_v1,0.326008,0.320705,0.330696,-1.120914,0,578,0,36,163134,52964,22527,116290,83033,32350,0,47097,0,17,0,0,0,53,0.000000,0.062284,0.000000,0.004970,0.000000,0.000000,0.000000,0.000000,0.000000,0.000000,0.000000,0.000000,0.000000,0.000000,0.000000,4031.586325,3036.207010,3915.698165,4879.589706,32.802566,35.870456,109.183243,94.369690,143.214133,1580.510536,0.818182,0.291723,0.006066,0.006066,0.007235,0.007455,0.003508
28,56000,-0.028699,6.330607,0.300206,-124.3154,0.000000,5.7136,0.000000,0.0,3.4,316,0,316,0,0.0000,3.0000,877,71,0,0,0,877,0.000000,0.780249,0.000000,0.000000,fixed_ta_alt_eq17_3dlos_v1,0.327330,0.321471,0.332808,-1.116887,0,605,0,34,148798,48023,22775,100891,68663,32349,0,49361,0,23,0,0,0,57,0.000000,0.056198,0.000000,0.005997,0.000000,0.000000,0.000000,0.000000,0.000000,0.000000,0.000000,0.000000,0.000000,0.000000,0.000000,3776.471242,3145.849736,3899.406383,4542.404145,32.548816,36.445734,112.392353,94.828632,137.582981,1409.326207,0.727273,0.295497,0.006594,0.006594,0.012631,0.003813,0.003337
29,58000,-0.032415,8.413152,0.302107,-123.7900,0.000000,5.8471,0.000000,0.0,3.3,326,0,326,0,0.0000,3.0000,903,75,0,0,0,903,0.000000,0.781818,0.000000,0.000000,fixed_ta_alt_eq17_3dlos_v1,0.327290,0.321933,0.331976,-1.116989,0,581,0,31,156006,57858,25906,112325,81643,30170,0,45182,0,35,0,0,0,66,0.000000,0.053356,0.000000,0.005172,0.000000,0.000000,0.000000,0.000000,0.000000,0.000000,0.000000,0.000000,0.000000,0.000000,0.000000,3887.429741,3184.191623,3874.582209,4621.433454,31.323410,33.053051,108.715612,94.018235,164.109371,1603.601359,0.878788,0.295804,0.007047,0.007047,0.010002,0.008184,0.002955
30,60000,-0.031215,5.714304,0.303552,-123.9266,0.000000,6.2005,0.000000,0.0,3.2,334,0,334,0,0.0000,3.0000,923,79,0,0,0,923,0.000000,0.778903,0.000000,0.000000,fixed_ta_alt_eq17_3dlos_v1,0.328373,0.322013,0.335083,-1.113737,0,525,0,30,130830,45051,20270,90119,66457,26568,0,44113,0,5,0,0,0,35,0.000000,0.057143,0.000000,0.005826,0.000000,0.000000,0.000000,0.000000,0.000000,0.000000,0.000000,0.000000,0.000000,0.000000,0.000000,4375.657623,3382.342211,4189.609584,5223.414289,30.723486,30.702615,110.025277,94.648118,146.202283,1684.544121,0.840000,0.292328,0.007311,0.007311,0.011892,0.005814,0.004228
31,62000,-0.033199,4.689484,0.306013,-123.5710,0.000000,7.3149,0.000000,0.0,3.1,345,0,345,0,0.0000,3.0000,948,87,0,0,0,948,0.000000,0.782824,0.000000,0.000000,fixed_ta_alt_eq17_3dlos_v1,0.328959,0.321588,0.335247,-1.111970,0,443,0,26,150826,60116,35726,119301,80480,38862,0,35181,0,0,0,0,0,26,0.000000,0.058691,0.000000,0.003713,0.000000,0.000000,0.000000,0.000000,0.000000,0.000000,0.000000,0.000000,0.000000,0.000000,0.000000,3521.998111,2543.010723,2982.438994,4152.185966,35.941963,38.000425,105.913831,94.244215,147.018644,1427.037473,0.777778,0.299755,0.007781,0.007781,0.011786,0.007164,0.004391
32,64000,-0.031630,8.415752,0.309826,-123.3357,0.000000,7.2480,0.000000,0.0,3.1,354,0,354,0,0.0000,3.0000,970,92,0,0,0,970,0.000000,0.782258,0.000000,0.000000,fixed_ta_alt_eq17_3dlos_v1,0.330863,0.323961,0.337149,-1.106186,0,494,0,29,150878,50795,32175,108056,69069,38425,0,43088,0,28,0,0,0,57,0.000000,0.058704,0.000000,0.004572,0.000000,0.000000,0.000000,0.000000,0.000000,0.000000,0.000000,0.000000,0.000000,0.000000,0.000000,3958.318275,2826.862923,3567.322483,5079.983990,35.514729,41.304409,111.012522,93.676256,124.224652,1683.305425,0.766667,0.300918,0.007490,0.007490,0.012299,0.006386,0.003784
33,66000,-0.030044,5.108168,0.314177,-123.7262,0.000000,7.6868,0.000000,0.0,2.8,364,0,364,0,0.0000,3.0000,988,104,0,0,0,988,0.000000,0.784750,0.000000,0.000000,fixed_ta_alt_eq17_3dlos_v1,0.331668,0.324701,0.338113,-1.103759,0,324,0,19,145980,57513,37117,117781,76348,40965,0,31610,0,15,0,0,0,34,0.000000,0.058642,0.000000,0.002751,0.000000,0.000000,0.000000,0.000000,0.000000,0.000000,0.000000,0.000000,0.000000,0.000000,0.000000,3731.205300,2718.941284,3129.604295,4724.162790,34.562533,38.124415,104.624771,94.555697,147.519265,1521.496252,0.900000,0.301596,0.009082,0.009082,0.013145,0.011472,0.002629
34,68000,-0.032767,6.384271,0.315435,-124.1203,0.000000,7.7795,0.000000,0.0,2.9,372,0,372,0,0.0000,3.0000,1007,109,0,0,0,1007,0.000000,0.781832,0.000000,0.000000,fixed_ta_alt_eq17_3dlos_v1,0.331789,0.325353,0.339278,-1.103406,0,525,0,29,150841,47463,25716,109413,71305,37243,0,42302,0,0,0,0,0,29,0.000000,0.055238,0.000000,0.004798,0.000000,0.000000,0.000000,0.000000,0.000000,0.000000,0.000000,0.000000,0.000000,0.000000,0.000000,3920.438546,2688.190500,3705.841598,4875.374457,33.363155,35.969941,115.100552,94.757597,126.287472,1591.847132,0.655172,0.299761,0.008030,0.008030,0.010156,0.007558,0.006377
35,70000,-0.030539,9.960694,0.314734,-124.7782,0.000000,7.5245,0.000000,0.0,2.7,383,0,383,0,0.0000,3.0000,1029,120,0,0,0,1029,0.000000,0.781321,0.000000,0.000000,fixed_ta_alt_eq17_3dlos_v1,0.331265,0.325276,0.338682,-1.104976,0,471,0,29,158111,58698,28919,120735,83820,36570,0,38054,0,0,0,0,0,29,0.000000,0.061571,0.000000,0.003901,0.000000,0.000000,0.000000,0.000000,0.000000,0.000000,0.000000,0.000000,0.000000,0.000000,0.000000,3563.628899,2514.862081,3593.681898,4443.528951,32.184668,30.793123,101.621984,93.324327,179.260683,1288.567132,0.862069,0.305819,0.008260,0.008260,0.012841,0.006308,0.005632
36,72000,-0.031334,6.232484,0.315854,-124.7772,0.000000,6.9643,0.000000,0.0,2.6,394,0,394,0,0.0000,3.0000,1049,133,0,0,0,1049,0.000000,0.785768,0.000000,0.000000,fixed_ta_alt_eq17_3dlos_v1,0.332751,0.326866,0.341045,-1.100524,0,386,0,18,153010,64320,31976,128160,86912,40323,0,26294,0,15,0,0,0,33,0.000000,0.046632,0.000000,0.003012,0.000000,0.000000,0.000000,0.000000,0.000000,0.000000,0.000000,0.000000,0.000000,0.000000,0.000000,3669.524765,2615.098190,3263.017012,4597.076617,36.620959,41.983812,108.991982,94.711206,117.583854,1714.937577,0.842105,0.306297,0.010092,0.010092,0.011093,0.014329,0.004853
37,74000,-0.029883,8.045755,0.319390,-125.0072,0.000000,7.6810,0.000000,0.0,2.4,406,0,406,0,0.0000,3.0000,1069,149,0,0,0,1069,0.000000,0.787767,0.000000,0.000000,fixed_ta_alt_eq17_3dlos_v1,0.333202,0.326743,0.342063,-1.099193,0,362,0,22,158986,61350,39896,133134,82976,48233,0,25852,0,0,0,0,0,22,0.000000,0.060773,0.000000,0.002719,0.000000,0.000000,0.000000,0.000000,0.000000,0.000000,0.000000,0.000000,0.000000,0.000000,0.000000,3337.941418,2592.268102,3303.358785,3764.664020,33.340862,35.136377,104.323489,93.774078,168.466795,1396.601257,0.904762,0.308856,0.009224,0.009224,0.011249,0.010574,0.005849
38,76000,-0.032453,6.636465,0.320590,-124.5629,0.000000,7.3973,0.000000,0.0,2.4,415,0,415,0,0.0000,3.0000,1085,160,0,0,0,1085,0.000000,0.787945,0.000000,0.000000,fixed_ta_alt_eq17_3dlos_v1,0.333741,0.326409,0.342895,-1.097600,0,427,0,20,151417,51903,49252,123911,68141,54208,0,34605,0,41,0,0,0,61,0.000000,0.046838,0.000000,0.003446,0.000000,0.000000,0.000000,0.000000,0.000000,0.000000,0.000000,0.000000,0.000000,0.000000,0.000000,4820.542875,3651.437343,4681.270890,5996.716484,33.546406,40.007999,123.649197,117.077350,81.122147,2130.696303,0.761905,0.312722,0.010736,0.010736,0.011261,0.013964,0.006982
39,78000,-0.031705,8.452177,0.322773,-123.7458,0.000000,7.1150,0.000000,0.0,2.3,424,0,424,0,0.0000,3.0000,1105,167,0,0,0,1105,0.000000,0.787037,0.000000,0.000000,fixed_ta_alt_eq17_3dlos_v1,0.334637,0.327910,0.344829,-1.094945,0,445,0,27,157334,55278,42259,122694,75912,47242,0,37079,0,0,0,0,0,27,0.000000,0.060674,0.000000,0.003627,0.000000,0.000000,0.000000,0.000000,0.000000,0.000000,0.000000,0.000000,0.000000,0.000000,0.000000,3825.584804,2547.843414,3519.440506,5142.106929,35.947350,41.644289,110.796047,94.660356,119.326499,1657.555989,0.840000,0.309025,0.010858,0.010858,0.009971,0.014403,0.008199
40,80000,-0.035342,4.957589,0.326591,-124.0788,0.000000,7.3557,0.000000,0.0,2.2,431,0,431,0,0.0000,3.0000,1118,175,0,0,0,1118,0.000000,0.786770,0.000000,0.000000,fixed_ta_alt_eq17_3dlos_v1,0.336276,0.330509,0.345893,-1.090027,0,324,0,17,146031,45471,43645,115731,61347,52871,0,34727,0,0,0,0,0,17,0.000000,0.052469,0.000000,0.002800,0.000000,0.000000,0.000000,0.000000,0.000000,0.000000,0.000000,0.000000,0.000000,0.000000,0.000000,4679.303328,3200.843190,5061.933502,6197.167019,37.767222,41.991306,119.832045,112.527121,66.740519,2334.071616,0.882353,0.315690,0.012836,0.012836,0.014024,0.016401,0.008082
41,82000,-0.032551,5.076130,0.331523,-123.7412,0.000000,7.1491,0.000000,0.0,2.4,439,0,439,0,0.0000,3.0000,1139,178,0,0,0,1139,0.000000,0.786602,0.000000,0.000000,fixed_ta_alt_eq17_3dlos_v1,0.338086,0.332347,0.349206,-1.084723,0,479,0,27,144872,48542,30058,100751,67850,32471,0,48578,0,15,0,0,0,42,0.000000,0.056367,0.000000,0.004754,0.000000,0.000000,0.000000,0.000000,0.000000,0.000000,0.000000,0.000000,0.000000,0.000000,0.000000,4476.252897,3146.211336,4003.276117,5361.530444,34.417342,38.205931,114.911846,95.325285,104.824502,1828.587171,0.807692,0.320635,0.013770,0.013770,0.015043,0.020535,0.005731
42,84000,-0.032995,6.316859,0.335728,-122.8336,0.000000,6.8230,0.000000,0.0,2.5,450,0,450,0,0.0000,3.0000,1163,187,0,0,0,1163,0.000000,0.791156,0.000000,0.000000,fixed_ta_alt_eq17_3dlos_v1,0.338961,0.332932,0.350042,-1.082136,0,420,0,22,146762,61243,36152,120828,82527,37428,0,33388,0,25,0,0,0,47,0.000000,0.052381,0.000000,0.003476,0.000000,0.000000,0.000000,0.000000,0.000000,0.000000,0.000000,0.000000,0.000000,0.000000,0.000000,3781.403190,2591.481367,2971.482785,5283.107216,37.997283,39.684889,111.631547,94.532025,107.542532,1788.790326,0.956522,0.317682,0.010807,0.010807,0.012969,0.015053,0.004400
43,86000,-0.033053,7.196193,0.337837,-122.5998,0.000000,6.8395,0.000000,0.0,2.5,459,0,459,0,0.0000,3.0000,1180,197,0,0,0,1180,0.000000,0.788770,0.000000,0.000000,fixed_ta_alt_eq17_3dlos_v1,0.339640,0.332532,0.350727,-1.080139,0,433,0,26,163791,55259,59483,133374,70887,62233,0,36875,0,25,0,0,0,51,0.000000,0.060046,0.000000,0.003247,0.000000,0.000000,0.000000,0.000000,0.000000,0.000000,0.000000,0.000000,0.000000,0.000000,0.000000,4506.559641,2790.353922,4424.823774,6127.059004,38.936687,41.955748,120.298991,115.446505,47.391336,2041.872300,0.666667,0.311109,0.010800,0.010800,0.009406,0.016931,0.006062
44,88000,-0.030308,6.807328,0.338541,-122.2587,0.000000,6.6283,0.000000,0.0,2.7,468,0,468,0,0.0000,3.0000,1202,202,0,0,0,1202,0.000000,0.789232,0.000000,0.000000,fixed_ta_alt_eq17_3dlos_v1,0.339155,0.330265,0.351696,-1.081656,0,428,0,27,158703,59192,36131,118672,76455,42062,0,43556,0,12,0,0,0,39,0.000000,0.063084,0.000000,0.003607,0.000000,0.000000,0.000000,0.000000,0.000000,0.000000,0.000000,0.000000,0.000000,0.000000,0.000000,4000.113065,2797.530053,3664.164463,5083.045108,36.038797,37.513541,116.505460,95.342968,113.131450,1577.606505,0.821429,0.316874,0.011868,0.011868,0.013187,0.015604,0.006813
45,90000,-0.033034,5.797168,0.338650,-121.8007,0.000000,6.6592,0.000000,0.0,2.7,476,0,476,0,0.0000,3.0000,1217,211,0,0,0,1217,0.000000,0.785668,0.000000,0.000000,fixed_ta_alt_eq17_3dlos_v1,0.340316,0.330307,0.354262,-1.078324,0,438,0,26,141206,48301,39649,111352,65144,45601,0,38726,0,21,0,0,0,47,0.000000,0.059361,0.000000,0.003933,0.000000,0.000000,0.000000,0.000000,0.000000,0.000000,0.000000,0.000000,0.000000,0.000000,0.000000,4132.267007,3089.879656,4075.659696,5065.781910,36.932969,42.091380,117.797338,96.511166,80.233342,1903.401994,0.826087,0.317210,0.011778,0.011778,0.011382,0.015888,0.008063
46,92000,-0.033582,5.794707,0.343282,-120.4634,0.000000,6.7475,0.000000,0.0,2.7,487,0,487,0,0.0000,3.0000,1244,217,0,0,0,1244,0.000000,0.792862,0.000000,0.000000,fixed_ta_alt_eq17_3dlos_v1,0.342031,0.333436,0.354647,-1.073206,0,331,0,20,155646,60637,44641,120640,69183,50146,0,37946,0,15,0,0,0,35,0.000000,0.060423,0.000000,0.002744,0.000000,0.000000,0.000000,0.000000,0.000000,0.000000,0.000000,0.000000,0.000000,0.000000,0.000000,4505.946606,3220.619208,5055.874506,5687.420053,38.127192,42.154478,128.938917,131.829609,30.957485,2188.741888,0.875000,0.325089,0.013327,0.013327,0.012129,0.019991,0.007862
47,94000,-0.032435,5.491121,0.346534,-120.1363,0.000000,7.1355,0.000000,0.0,2.6,494,0,494,0,0.0000,3.0000,1259,223,0,0,0,1259,0.000000,0.793321,0.000000,0.000000,fixed_ta_alt_eq17_3dlos_v1,0.342450,0.334230,0.354823,-1.071964,0,357,0,18,165301,60661,55709,132716,71753,59544,0,38340,0,24,0,1,0,43,0.000000,0.050420,0.000000,0.002690,0.000000,0.000000,0.000000,0.000000,0.000000,0.000000,0.000000,0.000000,0.000000,0.000000,0.000000,4979.994805,4290.988682,5169.599823,5946.080374,38.688789,41.847893,123.871871,127.134093,-2.869363,2938.773383,0.941176,0.329454,0.015431,0.015431,0.013494,0.024497,0.008304
48,96000,-0.030959,5.508894,0.347537,-119.2191,0.000000,7.4879,0.000000,0.0,2.7,501,0,501,0,0.0000,3.0000,1276,227,0,0,0,1276,0.000000,0.794521,0.000000,0.000000,fixed_ta_alt_eq17_3dlos_v1,0.342815,0.332937,0.357635,-1.071044,0,354,0,19,130204,49806,46880,100387,60180,47458,0,42172,0,10,0,0,0,29,0.000000,0.053672,0.000000,0.003526,0.000000,0.000000,0.000000,0.000000,0.000000,0.000000,0.000000,0.000000,0.000000,0.000000,0.000000,4888.889635,2214.414856,6113.363447,6638.888376,38.485787,41.802459,117.473988,122.768596,78.461337,2099.821502,0.950000,0.326340,0.016121,0.016121,0.013715,0.028393,0.006256
49,98000,-0.033387,4.471559,0.347823,-118.6194,0.000000,7.6780,0.000000,0.0,2.7,507,0,507,0,0.0000,3.0000,1288,233,0,0,0,1288,0.000000,0.793592,0.000000,0.000000,fixed_ta_alt_eq17_3dlos_v1,0.342752,0.333161,0.357381,-1.071212,0,348,0,17,137430,44089,67402,111053,50767,66355,0,40353,0,30,0,0,0,47,0.000000,0.048851,0.000000,0.003134,0.000000,0.000000,0.000000,0.000000,0.000000,0.000000,0.000000,0.000000,0.000000,0.000000,0.000000,6264.905294,5343.536820,6650.010898,7166.645388,38.715922,42.019964,132.051072,130.842017,-27.266203,2968.967064,0.750000,0.335741,0.019226,0.019226,0.014929,0.032119,0.010631
50,100000,-0.032618,3.799953,0.348252,-117.0711,0.000000,7.9685,0.000000,0.0,2.6,515,0,515,0,0.0000,3.0000,1305,240,0,0,0,1305,0.000000,0.793796,0.000000,0.000000,fixed_ta_alt_eq17_3dlos_v1,0.343424,0.332663,0.357832,-1.069261,0,319,0,21,140391,59486,53379,112719,68204,50965,0,35043,0,0,0,0,0,21,0.000000,0.065831,0.000000,0.002830,0.000000,0.000000,0.000000,0.000000,0.000000,0.000000,0.000000,0.000000,0.000000,0.000000,0.000000,4615.359971,3028.697464,4580.230337,5914.204554,38.483255,42.147130,117.935933,120.710317,74.502011,1828.620157,0.800000,0.328704,0.015914,0.015914,0.009127,0.030190,0.008425
51,102000,-0.037847,4.701027,0.349977,-115.8673,0.000000,7.9245,0.000000,0.0,2.7,522,0,522,0,0.0000,3.0000,1325,241,0,0,0,1325,0.000000,0.795318,0.000000,0.000000,fixed_ta_alt_eq17_3dlos_v1,0.343424,0.332436,0.358400,-1.069296,0,397,0,22,148332,54148,58633,119868,62004,62146,0,46087,0,30,0,0,0,52,0.000000,0.055416,0.000000,0.003312,0.000000,0.000000,0.000000,0.000000,0.000000,0.000000,0.000000,0.000000,0.000000,0.000000,0.000000,6018.358344,4877.992964,6025.829970,7369.817583,38.905536,41.928990,126.430602,124.120887,29.512190,2514.968516,0.900000,0.333142,0.017049,0.017049,0.015240,0.029228,0.006681
52,104000,-0.034026,4.805477,0.348822,-114.7054,0.000000,8.1310,0.000000,0.0,2.7,528,0,528,0,0.0000,3.0000,1340,244,0,0,0,1340,0.000000,0.793839,0.000000,0.000000,fixed_ta_alt_eq17_3dlos_v1,0.342822,0.330425,0.358620,-1.071128,0,469,0,22,158118,49687,72131,127688,56389,71462,0,47059,0,49,0,0,0,71,0.000000,0.046908,0.000000,0.003673,0.000000,0.000000,0.000000,0.000000,0.000000,0.000000,0.000000,0.000000,0.000000,0.000000,0.000000,6088.015957,5630.891926,6587.615044,6915.059532,39.922931,41.924501,138.699792,137.947752,-29.935934,2605.884009,0.809524,0.336223,0.018346,0.018346,0.011331,0.035006,0.008701
